date,FIX - USD,BTMU,Barclays,BOA,Citi,Credit Suisse,Deutsche,HBOS,HSBC,JPM,Lloyds,RBS,UBS,WestLB
04/01/2005,2.57,2.57,2.57,2.56,2.57,2.57,2.58,2.57,2.57,2.57,2.57,2.57,2.57,2.57
05/01/2005,2.59,2.59,2.59,2.59,2.59,2.59,2.6,2.59,2.59,2.59,2.59,2.59,2.59,2.59
06/01/2005,2.61,2.61,2.61,2.62,2.61,2.61,2.61,2.61,2.61,2.61,2.61,2.61,2.61,2.61
07/01/2005,2.61,2.61,2.61,2.62,2.61,2.61,2.62,2.61,2.61,2.62,2.61,2.61,2.61,2.61
10/01/2005,2.62,2.62,2.62,2.62,2.62,2.62,2.62,2.62,2.62,2.62,2.62,2.62,2.62,2.62
11/01/2005,2.63,2.63,2.63,2.64,2.63,2.63,2.63,2.63,2.63,2.63,2.63,2.63,2.63,2.63
12/01/2005,2.64,2.64,2.64,2.65,2.64,2.64,2.65,2.64,2.64,2.63,2.64,2.63,2.64,2.64
13/01/2005,2.66,2.66,2.66,2.66,2.66,2.66,2.66,2.66,2.66,2.66,2.66,2.66,2.66,2.66
14/01/2005,2.66,2.66,2.66,2.67,2.66,2.66,2.66,2.66,2.66,2.66,2.66,2.66,2.64,2.66
17/01/2005,2.67,2.67,2.67,2.67,2.67,2.67,2.665,2.67,2.67,2.67,2.67,2.67,2.64,2.67
18/01/2005,2.67,2.68,2.67,2.67,2.67,2.67,2.67,2.67,2.67,2.68,2.67,2.67,2.67,2.67
19/01/2005,2.68,2.68,2.68,2.69,2.68,2.68,2.68,2.68,2.68,2.68,2.68,2.68,2.68,2.68
20/01/2005,2.6925,2.69,2.7,2.7,2.69,2.7,2.69,2.7,2.69,2.69,2.69,2.69,2.7,2.69
21/01/2005,2.7,2.7,2.7,2.7,2.7,2.7,2.71,2.7,2.7,2.7,2.7,2.7,2.7,2.7
24/01/2005,2.7,2.7,2.7,2.7,2.7,2.7,2.715,2.7,2.7,2.7,2.7,2.7,2.7,2.7
25/01/2005,2.7,2.71,2.7,2.7,2.7,2.7,2.71,2.7,2.7,2.7,2.7,2.7,2.71,2.7
26/01/2005,2.71,2.72,2.71,2.71,2.71,2.71,2.71,2.71,2.71,2.71,2.71,2.71,2.71,2.71
27/01/2005,2.73,2.73,2.73,2.73,2.725,2.73,2.72,2.72,2.73,2.73,2.73,2.73,2.73,2.73
28/01/2005,2.7425,2.74,2.75,2.75,2.745,2.745,2.745,2.74,2.74,2.74,2.75,2.74,2.74,2.745
31/01/2005,2.75,2.75,2.75,2.75,2.75,2.75,2.74,2.75,2.75,2.74,2.75,2.75,2.75,2.75
01/02/2005,2.75,2.75,2.75,2.75,2.75,2.75,2.75,2.75,2.75,2.75,2.75,2.75,2.75,2.75
02/02/2005,2.75,2.75,2.75,2.77,2.75,2.755,2.755,2.75,2.75,2.76,2.75,2.75,2.75,2.75
03/02/2005,2.77,2.77,2.77,2.77,2.77,2.77,2.775,2.77,2.77,2.77,2.77,2.77,2.77,2.77
04/02/2005,2.77,2.77,2.77,2.77,2.77,2.77,2.775,2.77,2.77,2.77,2.77,2.77,2.77,2.77
07/02/2005,2.77,2.77,2.77,2.77,2.77,2.77,2.77,2.77,2.77,2.77,2.77,2.77,2.77,2.77
08/02/2005,2.77063,2.77,2.77,2.77,2.775,2.77,2.78,2.77,2.77,2.78,2.77,2.77,2.77,2.77
09/02/2005,2.77438,2.78,2.77,2.78,2.77,2.775,2.78,2.78,2.77,2.78,2.77,2.77,2.77,2.775
10/02/2005,2.79,2.79,2.79,2.8,2.79,2.79,2.79,2.79,2.79,2.79,2.78,2.78,2.79,2.785
11/02/2005,2.79438,2.8,2.79,2.8,2.79,2.79,2.79,2.8,2.8,2.8,2.79,2.8,2.79,2.795
14/02/2005,2.8,2.8,2.8,2.8,2.8,2.8,2.8,2.8,2.8,2.8,2.8,2.8,2.8,2.8
15/02/2005,2.81,2.81,2.81,2.81,2.805,2.8,2.805,2.81,2.81,2.81,2.81,2.81,2.8,2.81
16/02/2005,2.82,2.82,2.82,2.82,2.82,2.82,2.82,2.82,2.82,2.82,2.82,2.82,2.82,2.82
17/02/2005,2.8475,2.85,2.85,2.84,2.85,2.85,2.82,2.84,2.84,2.85,2.85,2.84,2.85,2.85
18/02/2005,2.85,2.85,2.85,2.85,2.85,2.85,2.85,2.85,2.84,2.85,2.85,2.84,2.85,2.85
21/02/2005,2.86,2.86,2.86,2.87,2.86,2.86,2.865,2.86,2.86,2.86,2.86,2.86,2.85,2.86
22/02/2005,2.87,2.87,2.87,2.88,2.87,2.87,2.875,2.87,2.87,2.87,2.87,2.86,2.87,2.87
23/02/2005,2.87313,2.88,2.87,2.88,2.87,2.87,2.875,2.87,2.88,2.88,2.87,2.87,2.88,2.87
24/02/2005,2.89,2.9,2.89,2.89,2.89,2.89,2.89,2.89,2.89,2.89,2.89,2.89,2.89,2.89
25/02/2005,2.91,2.91,2.91,2.91,2.91,2.91,2.91,2.91,2.91,2.91,2.91,2.91,2.91,2.91
28/02/2005,2.92,2.92,2.92,2.93,2.92,2.92,2.92,2.92,2.92,2.92,2.92,2.92,2.92,2.92
01/03/2005,2.93,2.93,2.93,2.94,2.93,2.93,2.92,2.93,2.93,2.93,2.93,2.93,2.94,2.93
02/03/2005,2.94,2.94,2.94,2.94,2.94,2.94,2.94,2.94,2.94,2.94,2.94,2.94,2.94,2.94
03/03/2005,2.95,2.95,2.95,2.96,2.95,2.95,2.95,2.94,2.95,2.95,2.95,2.95,2.95,2.95
04/03/2005,2.95875,2.96,2.95,2.96,2.955,2.955,2.96,2.96,2.96,2.96,2.95,2.95,2.96,2.95
07/03/2005,2.96,2.96,2.96,2.96,2.96,2.96,2.96,2.96,2.96,2.96,2.96,2.96,2.96,2.96
08/03/2005,2.97,2.97,2.97,2.96,2.97,2.97,2.96,2.97,2.97,2.97,2.97,2.97,2.97,2.97
09/03/2005,2.98,2.98,2.98,2.97,2.98,2.98,2.97,2.98,2.98,2.98,2.98,2.98,2.98,2.98
10/03/2005,3,3,3,3,3,3,2.995,3,3,3,3,3,3,3
11/03/2005,3.01,3.01,3.01,3.01,3.01,3.01,3,3.01,3.01,3.01,3.01,3.01,3.01,3.01
14/03/2005,3.02,3.02,3.02,3.01,3.025,3.02,3.01,3.02,3.02,3.03,3.02,3.02,3.02,3.02
15/03/2005,3.03,3.03,3.03,3.03,3.03,3.03,3.025,3.03,3.03,3.03,3.03,3.03,3.03,3.03
16/03/2005,3.04,3.04,3.04,3.05,3.04,3.04,3.035,3.04,3.04,3.04,3.04,3.04,3.04,3.04
17/03/2005,3.05,3.05,3.05,3.05,3.05,3.05,3.05,3.05,3.05,3.05,3.05,3.05,3.05,3.05
18/03/2005,3.05,3.05,3.06,3.05,3.05,3.05,3.05,3.05,3.06,3.05,3.05,3.05,3.05,3.05
21/03/2005,3.0525,3.05,3.06,3.06,3.05,3.05,3.05,3.06,3.05,3.06,3.05,3.05,3.05,3.05
22/03/2005,3.06,3.06,3.06,3.07,3.06,3.06,3.055,3.06,3.06,3.06,3.06,3.06,3.06,3.05
23/03/2005,3.09,3.09,3.09,3.08,3.09,3.09,3.08,3.09,3.09,3.09,3.09,3.08,3.09,3.09
24/03/2005,3.09,3.09,3.09,3.1,3.09,3.09,3.085,3.09,3.09,3.1,3.09,3.09,3.09,3.09
29/03/2005,3.0925,3.1,3.09,3.1,3.09,3.09,3.08,3.09,3.1,3.1,3.09,3.09,3.1,3.09
30/03/2005,3.1,3.1,3.1,3.1,3.1,3.1,3.09,3.1,3.1,3.1,3.1,3.1,3.1,3.1
31/03/2005,3.12,3.12,3.12,3.12,3.12,3.12,3.12,3.12,3.12,3.12,3.12,3.12,3.12,3.12
01/04/2005,3.12,3.12,3.12,3.11,3.12,3.12,3.12,3.12,3.12,3.12,3.12,3.12,3.12,3.12
04/04/2005,3.12,3.11,3.12,3.11,3.12,3.12,3.12,3.12,3.12,3.12,3.12,3.11,3.12,3.12
05/04/2005,3.1225,3.12,3.13,3.11,3.13,3.12,3.13,3.12,3.12,3.13,3.13,3.12,3.12,3.12
06/04/2005,3.12313,3.13,3.13,3.11,3.125,3.12,3.125,3.12,3.12,3.13,3.12,3.12,3.12,3.12
07/04/2005,3.13,3.13,3.13,3.12,3.13,3.13,3.14,3.13,3.13,3.13,3.13,3.13,3.13,3.13
08/04/2005,3.13,3.13,3.13,3.12,3.13,3.13,3.135,3.13,3.13,3.13,3.13,3.13,3.13,3.13
11/04/2005,3.14,3.14,3.14,3.14,3.135,3.13,3.135,3.13,3.14,3.15,3.14,3.14,3.14,3.14
12/04/2005,3.14,3.14,3.14,3.13,3.14,3.14,3.14,3.14,3.14,3.14,3.14,3.14,3.15,3.14
13/04/2005,3.14063,3.14,3.14,3.14,3.145,3.145,3.145,3.145,3.14,3.14,3.14,3.14,3.14,3.14
14/04/2005,3.15,3.15,3.15,3.14,3.15,3.15,3.15,3.15,3.15,3.15,3.15,3.15,3.145,3.15
15/04/2005,3.15,3.15,3.15,3.14,3.15,3.15,3.15,3.15,3.15,3.15,3.15,3.15,3.15,3.15
18/04/2005,3.14475,3.15,3.14,3.14,3.14,3.15,3.15,3.14,3.15,3.15,3.15,3.15,3.148,3.14
19/04/2005,3.15,3.15,3.15,3.14,3.15,3.15,3.155,3.15,3.15,3.16,3.15,3.15,3.15,3.15
20/04/2005,3.15,3.15,3.15,3.15,3.15,3.15,3.16,3.15,3.15,3.15,3.15,3.15,3.15,3.15
21/04/2005,3.16063,3.16,3.17,3.16,3.165,3.165,3.175,3.17,3.16,3.16,3.16,3.16,3.16,3.16
22/04/2005,3.17,3.17,3.17,3.18,3.17,3.18,3.185,3.17,3.17,3.18,3.17,3.17,3.17,3.17
25/04/2005,3.18,3.18,3.18,3.18,3.18,3.18,3.19,3.18,3.17,3.18,3.18,3.17,3.173,3.18
26/04/2005,3.18688,3.19,3.19,3.18,3.185,3.185,3.185,3.19,3.19,3.19,3.18,3.18,3.19,3.18
27/04/2005,3.19,3.19,3.19,3.2,3.19,3.19,3.195,3.19,3.19,3.19,3.19,3.19,3.195,3.19
28/04/2005,3.21,3.21,3.21,3.22,3.21,3.21,3.21,3.21,3.21,3.21,3.21,3.21,3.21,3.21
29/04/2005,3.21,3.21,3.21,3.21,3.21,3.21,3.21,3.21,3.21,3.21,3.21,3.21,3.21,3.21
03/05/2005,3.21938,3.22,3.22,3.21,3.22,3.22,3.22,3.22,3.21,3.22,3.22,3.22,3.215,3.22
04/05/2005,3.22,3.23,3.22,3.22,3.22,3.22,3.22,3.22,3.23,3.22,3.22,3.22,3.225,3.22
05/05/2005,3.2285,3.23,3.23,3.23,3.225,3.225,3.225,3.22,3.23,3.23,3.23,3.23,3.228,3.22
06/05/2005,3.23,3.23,3.23,3.23,3.225,3.23,3.225,3.225,3.23,3.23,3.23,3.23,3.23,3.23
09/05/2005,3.25,3.25,3.25,3.25,3.25,3.25,3.25,3.25,3.25,3.25,3.25,3.25,3.25,3.25
10/05/2005,3.25,3.25,3.25,3.25,3.25,3.25,3.255,3.25,3.25,3.25,3.25,3.25,3.255,3.25
11/05/2005,3.26,3.26,3.26,3.25,3.26,3.26,3.265,3.26,3.26,3.26,3.25,3.26,3.26,3.26
12/05/2005,3.26813,3.27,3.27,3.26,3.27,3.27,3.27,3.27,3.26,3.27,3.27,3.26,3.265,3.27
13/05/2005,3.27,3.27,3.28,3.26,3.27,3.275,3.275,3.27,3.27,3.27,3.27,3.27,3.27,3.27
16/05/2005,3.27,3.27,3.27,3.27,3.27,3.27,3.275,3.27,3.27,3.28,3.27,3.27,3.27,3.27
17/05/2005,3.27,3.27,3.27,3.27,3.27,3.27,3.275,3.27,3.27,3.27,3.27,3.27,3.27,3.27
18/05/2005,3.28,3.28,3.28,3.28,3.28,3.28,3.28,3.28,3.28,3.28,3.28,3.28,3.28,3.28
19/05/2005,3.28438,3.29,3.29,3.28,3.28,3.285,3.285,3.285,3.28,3.29,3.28,3.28,3.29,3.28
20/05/2005,3.29,3.29,3.29,3.29,3.29,3.29,3.305,3.29,3.29,3.29,3.29,3.29,3.29,3.29
23/05/2005,3.29375,3.3,3.3,3.3,3.29,3.29,3.29,3.3,3.29,3.3,3.29,3.29,3.29,3.29
24/05/2005,3.29875,3.3,3.3,3.3,3.295,3.3,3.295,3.295,3.3,3.3,3.29,3.3,3.3,3.29
25/05/2005,3.31,3.31,3.31,3.31,3.31,3.31,3.305,3.31,3.31,3.31,3.31,3.31,3.31,3.31
26/05/2005,3.32,3.32,3.32,3.32,3.32,3.325,3.31,3.32,3.32,3.33,3.32,3.32,3.32,3.32
27/05/2005,3.33,3.32,3.33,3.33,3.33,3.33,3.325,3.33,3.33,3.33,3.33,3.33,3.33,3.33
31/05/2005,3.3375,3.34,3.34,3.34,3.33,3.34,3.33,3.34,3.33,3.33,3.34,3.33,3.34,3.34
01/06/2005,3.35,3.35,3.35,3.35,3.35,3.35,3.3375,3.35,3.35,3.35,3.35,3.35,3.35,3.34
02/06/2005,3.35,3.35,3.35,3.34,3.35,3.35,3.345,3.35,3.35,3.35,3.35,3.35,3.35,3.35
03/06/2005,3.36,3.35,3.36,3.36,3.36,3.36,3.35,3.36,3.36,3.36,3.36,3.36,3.36,3.36
06/06/2005,3.37,3.37,3.37,3.37,3.37,3.37,3.365,3.37,3.37,3.37,3.37,3.37,3.37,3.37
07/06/2005,3.37,3.37,3.37,3.37,3.37,3.37,3.365,3.37,3.37,3.37,3.37,3.37,3.37,3.37
08/06/2005,3.37938,3.38,3.38,3.37,3.38,3.38,3.37,3.38,3.38,3.37,3.38,3.38,3.375,3.38
09/06/2005,3.39,3.39,3.39,3.38,3.39,3.39,3.38,3.39,3.39,3.39,3.39,3.39,3.39,3.39
10/06/2005,3.4,3.4,3.395,3.4,3.4,3.4,3.39,3.4,3.4,3.4,3.4,3.4,3.4,3.4
13/06/2005,3.41,3.41,3.41,3.41,3.415,3.41,3.4,3.41,3.41,3.41,3.41,3.41,3.41,3.41
14/06/2005,3.41375,3.42,3.42,3.41,3.41,3.42,3.4,3.42,3.41,3.41,3.42,3.41,3.42,3.41
15/06/2005,3.42063,3.42,3.43,3.43,3.42,3.425,3.42,3.42,3.42,3.42,3.43,3.42,3.42,3.41
16/06/2005,3.43,3.43,3.44,3.43,3.435,3.435,3.43,3.43,3.43,3.43,3.43,3.43,3.44,3.43
17/06/2005,3.43938,3.44,3.44,3.44,3.44,3.44,3.435,3.44,3.44,3.43,3.44,3.44,3.435,3.44
20/06/2005,3.44375,3.45,3.45,3.44,3.445,3.445,3.44,3.45,3.44,3.45,3.44,3.44,3.445,3.44
21/06/2005,3.45188,3.46,3.45,3.46,3.45,3.46,3.445,3.45,3.45,3.46,3.45,3.45,3.455,3.45
22/06/2005,3.46,3.46,3.46,3.46,3.4575,3.46,3.45,3.46,3.46,3.46,3.46,3.46,3.463,3.46
23/06/2005,3.47,3.47,3.47,3.47,3.47,3.47,3.46,3.47,3.47,3.47,3.47,3.47,3.47,3.47
24/06/2005,3.47813,3.48,3.48,3.49,3.475,3.48,3.49,3.48,3.47,3.47,3.47,3.47,3.475,3.48
27/06/2005,3.48,3.49,3.48,3.48,3.48,3.48,3.47,3.48,3.48,3.48,3.48,3.48,3.485,3.48
28/06/2005,3.49,3.49,3.49,3.51,3.49,3.49,3.48,3.49,3.49,3.48,3.49,3.48,3.49,3.49
29/06/2005,3.50438,3.51,3.51,3.51,3.505,3.505,3.495,3.51,3.5,3.51,3.5,3.5,3.505,3.5
30/06/2005,3.51625,3.52,3.52,3.54,3.515,3.52,3.515,3.52,3.51,3.53,3.51,3.51,3.52,3.51
01/07/2005,3.52875,3.52,3.53,3.54,3.525,3.53,3.535,3.53,3.53,3.52,3.53,3.52,3.525,3.53
04/07/2005,3.5475,3.55,3.55,3.56,3.56,3.55,3.55,3.55,3.54,3.54,3.55,3.54,3.525,3.55
05/07/2005,3.55,3.55,3.55,3.54,3.55,3.55,3.54,3.55,3.55,3.55,3.55,3.55,3.555,3.55
06/07/2005,3.56,3.56,3.56,3.57,3.56,3.565,3.55,3.57,3.56,3.55,3.56,3.56,3.56,3.56
07/07/2005,3.55,3.56,3.56,3.55,3.55,3.57,3.55,3.55,3.55,3.55,3.55,3.55,3.56,3.55
08/07/2005,3.56063,3.57,3.57,3.58,3.56,3.56,3.555,3.56,3.56,3.56,3.56,3.56,3.565,3.56
11/07/2005,3.57,3.58,3.57,3.58,3.57,3.57,3.565,3.57,3.57,3.57,3.57,3.57,3.575,3.56
12/07/2005,3.58,3.59,3.58,3.59,3.58,3.58,3.575,3.58,3.58,3.58,3.58,3.58,3.58,3.58
13/07/2005,3.59875,3.6,3.6,3.61,3.595,3.6,3.59,3.6,3.6,3.6,3.59,3.6,3.595,3.59
14/07/2005,3.60875,3.62,3.61,3.61,3.59,3.61,3.6,3.61,3.61,3.6,3.61,3.6,3.61,3.61
15/07/2005,3.61438,3.62,3.62,3.62,3.605,3.615,3.61,3.62,3.61,3.62,3.61,3.61,3.615,3.61
18/07/2005,3.62,3.62,3.63,3.62,3.62,3.62,3.615,3.63,3.62,3.62,3.62,3.62,3.625,3.62
19/07/2005,3.63,3.63,3.63,3.64,3.63,3.63,3.63,3.63,3.63,3.63,3.63,3.62,3.635,3.63
20/07/2005,3.64,3.64,3.64,3.65,3.64,3.64,3.635,3.64,3.64,3.64,3.64,3.63,3.65,3.64
21/07/2005,3.65,3.66,3.65,3.66,3.65,3.65,3.655,3.65,3.65,3.65,3.65,3.64,3.635,3.65
22/07/2005,3.66,3.67,3.66,3.67,3.63,3.66,3.66,3.66,3.66,3.66,3.66,3.65,3.66,3.66
25/07/2005,3.6625,3.67,3.67,3.66,3.66,3.665,3.66,3.67,3.66,3.67,3.66,3.66,3.66,3.66
26/07/2005,3.66913,3.67,3.67,3.68,3.665,3.67,3.66,3.66,3.67,3.67,3.67,3.67,3.668,3.66
27/07/2005,3.68,3.68,3.68,3.69,3.68,3.68,3.67,3.68,3.68,3.68,3.68,3.68,3.68,3.68
28/07/2005,3.69313,3.7,3.69,3.71,3.69,3.69,3.69,3.69,3.7,3.7,3.69,3.69,3.695,3.69
29/07/2005,3.7,3.71,3.7,3.7,3.7,3.7,3.7,3.7,3.7,3.7,3.7,3.7,3.7,3.7
01/08/2005,3.71,3.72,3.71,3.72,3.71,3.71,3.7,3.71,3.71,3.71,3.71,3.71,3.71,3.71
02/08/2005,3.72,3.72,3.72,3.72,3.72,3.72,3.71,3.72,3.72,3.73,3.72,3.72,3.72,3.72
03/08/2005,3.73313,3.74,3.74,3.74,3.73,3.74,3.73,3.74,3.73,3.73,3.74,3.73,3.735,3.73
04/08/2005,3.74688,3.75,3.75,3.76,3.745,3.745,3.74,3.75,3.75,3.75,3.75,3.74,3.745,3.74
05/08/2005,3.75,3.75,3.75,3.76,3.755,3.755,3.745,3.76,3.75,3.75,3.75,3.75,3.745,3.75
08/08/2005,3.76,3.77,3.76,3.77,3.76,3.765,3.755,3.76,3.76,3.76,3.76,3.76,3.76,3.76
09/08/2005,3.78,3.78,3.78,3.79,3.78,3.78,3.78,3.78,3.78,3.78,3.78,3.77,3.778,3.78
10/08/2005,3.78,3.79,3.78,3.79,3.78,3.78,3.78,3.78,3.78,3.78,3.78,3.77,3.785,3.78
11/08/2005,3.79,3.8,3.79,3.79,3.79,3.79,3.79,3.79,3.79,3.79,3.79,3.79,3.79,3.79
12/08/2005,3.79,3.8,3.79,3.79,3.79,3.795,3.795,3.79,3.79,3.79,3.79,3.79,3.795,3.79
15/08/2005,3.79688,3.8,3.8,3.8,3.795,3.8,3.8,3.8,3.79,3.8,3.8,3.79,3.79,3.8
16/08/2005,3.80188,3.81,3.81,3.82,3.8,3.8,3.82,3.805,3.8,3.8,3.8,3.8,3.8,3.8
17/08/2005,3.81,3.81,3.81,3.83,3.81,3.81,3.81,3.81,3.81,3.81,3.81,3.81,3.81,3.81
18/08/2005,3.82,3.82,3.82,3.82,3.82,3.82,3.82,3.82,3.82,3.82,3.82,3.82,3.825,3.82
19/08/2005,3.82288,3.82,3.83,3.84,3.82,3.825,3.825,3.83,3.82,3.83,3.83,3.82,3.823,3.82
22/08/2005,3.83,3.83,3.83,3.83,3.83,3.835,3.83,3.83,3.83,3.83,3.83,3.82,3.83,3.83
23/08/2005,3.83625,3.84,3.84,3.84,3.835,3.835,3.835,3.84,3.83,3.84,3.84,3.83,3.835,3.83
24/08/2005,3.84063,3.85,3.85,3.85,3.84,3.84,3.835,3.84,3.84,3.85,3.84,3.84,3.845,3.84
25/08/2005,3.86,3.86,3.86,3.87,3.855,3.855,3.855,3.86,3.86,3.86,3.86,3.86,3.86,3.85
26/08/2005,3.86,3.86,3.86,3.87,3.86,3.86,3.86,3.86,3.86,3.86,3.86,3.86,3.863,3.86
29/08/2005,3.86,3.86,3.86,3.87,3.86,3.86,3.86,3.86,3.86,3.86,3.86,3.86,3.863,3.86
30/08/2005,3.87,3.87,3.88,3.88,3.87,3.87,3.87,3.87,3.87,3.87,3.87,3.87,3.87,3.87
31/08/2005,3.87,3.87,3.88,3.88,3.87,3.87,3.87,3.87,3.87,3.88,3.87,3.87,3.87,3.87
01/09/2005,3.855,3.86,3.87,3.85,3.85,3.85,3.845,3.85,3.85,3.86,3.86,3.86,3.855,3.86
02/09/2005,3.761,3.77,3.76,3.78,3.76,3.76,3.73,3.76,3.77,3.75,3.76,3.76,3.768,3.76
05/09/2005,3.77625,3.79,3.78,3.77,3.775,3.775,3.77,3.78,3.78,3.78,3.78,3.77,3.768,3.77
06/09/2005,3.79,3.79,3.79,3.78,3.79,3.79,3.79,3.79,3.79,3.79,3.79,3.79,3.79,3.79
07/09/2005,3.79813,3.8,3.8,3.79,3.795,3.795,3.795,3.795,3.8,3.8,3.79,3.8,3.8,3.79
08/09/2005,3.83375,3.85,3.83,3.84,3.83,3.83,3.83,3.83,3.84,3.84,3.83,3.83,3.84,3.83
09/09/2005,3.85,3.85,3.85,3.86,3.85,3.85,3.845,3.85,3.84,3.84,3.85,3.85,3.85,3.84
12/09/2005,3.85688,3.86,3.86,3.86,3.85,3.855,3.855,3.85,3.86,3.86,3.86,3.86,3.855,3.85
13/09/2005,3.87,3.88,3.87,3.87,3.87,3.87,3.865,3.87,3.87,3.87,3.87,3.87,3.87,3.86
14/09/2005,3.87438,3.88,3.88,3.89,3.875,3.875,3.875,3.87,3.88,3.88,3.88,3.87,3.87,3.87
15/09/2005,3.88563,3.89,3.89,3.89,3.885,3.885,3.88,3.885,3.89,3.89,3.89,3.88,3.885,3.88
16/09/2005,3.89,3.89,3.89,3.89,3.89,3.89,3.89,3.89,3.89,3.89,3.89,3.89,3.89,3.89
19/09/2005,3.92,3.92,3.92,3.92,3.92,3.93,3.925,3.92,3.92,3.92,3.92,3.92,3.915,3.92
20/09/2005,3.92438,3.93,3.93,3.93,3.925,3.925,3.925,3.925,3.92,3.92,3.93,3.92,3.92,3.92
21/09/2005,3.96,3.97,3.97,3.98,3.96,3.96,3.96,3.96,3.96,3.96,3.96,3.96,3.965,3.96
22/09/2005,3.96063,3.97,3.97,3.96,3.96,3.96,3.95,3.96,3.96,3.96,3.96,3.96,3.965,3.96
23/09/2005,3.97,3.98,3.98,3.97,3.97,3.97,3.97,3.97,3.97,3.97,3.97,3.97,3.97,3.97
26/09/2005,4,4,4,4,4,4,4,4,4,4,4,3.99,4,4
27/09/2005,4.01,4.01,4.01,4.01,4.01,4.01,4.015,4.01,4.01,4.01,4.01,4,4.013,4.01
28/09/2005,4.02038,4.03,4.02,4.02,4.02,4.025,4.025,4.03,4.02,4.02,4.02,4.01,4.023,4.02
29/09/2005,4.05438,4.06,4.07,4.05,4.05,4.055,4.055,4.06,4.06,4.05,4.06,4.05,4.055,4.05
30/09/2005,4.065,4.07,4.07,4.08,4.065,4.065,4.065,4.07,4.06,4.07,4.06,4.06,4.065,4.06
03/10/2005,4.07688,4.08,4.08,4.08,4.075,4.08,4.075,4.07,4.07,4.08,4.08,4.07,4.075,4.08
04/10/2005,4.09,4.09,4.09,4.11,4.09,4.1,4.1,4.09,4.09,4.09,4.09,4.08,4.09,4.09
05/10/2005,4.1,4.1,4.1,4.13,4.1,4.1,4.105,4.1,4.1,4.1,4.1,4.09,4.1,4.1
06/10/2005,4.11,4.11,4.11,4.13,4.11,4.115,4.115,4.11,4.11,4.11,4.11,4.1,4.11,4.11
07/10/2005,4.115,4.12,4.12,4.13,4.11,4.115,4.12,4.11,4.11,4.12,4.12,4.1,4.115,4.11
10/10/2005,4.12313,4.12,4.13,4.13,4.12,4.125,4.1325,4.13,4.12,4.13,4.13,4.11,4.115,4.12
11/10/2005,4.13,4.13,4.13,4.12,4.13,4.13,4.125,4.13,4.13,4.13,4.13,4.13,4.13,4.13
12/10/2005,4.14,4.14,4.15,4.14,4.14,4.14,4.14,4.14,4.14,4.15,4.14,4.14,4.14,4.14
13/10/2005,4.15,4.15,4.15,4.15,4.15,4.15,4.15,4.15,4.15,4.15,4.15,4.15,4.15,4.15
14/10/2005,4.15938,4.15,4.16,4.17,4.16,4.16,4.155,4.16,4.15,4.16,4.16,4.16,4.155,4.16
17/10/2005,4.1675,4.17,4.17,4.18,4.165,4.165,4.165,4.17,4.16,4.17,4.17,4.16,4.165,4.16
18/10/2005,4.17413,4.18,4.18,4.19,4.175,4.175,4.17,4.17,4.17,4.17,4.18,4.16,4.173,4.175
19/10/2005,4.18063,4.18,4.19,4.19,4.185,4.185,4.17,4.19,4.18,4.18,4.18,4.17,4.18,4.18
20/10/2005,4.19375,4.19,4.2,4.2,4.195,4.195,4.185,4.195,4.19,4.2,4.19,4.18,4.195,4.19
21/10/2005,4.2,4.2,4.2,4.21,4.2,4.2,4.19,4.2,4.2,4.2,4.2,4.19,4.2,4.2
24/10/2005,4.20625,4.21,4.21,4.21,4.21,4.21,4.2,4.2,4.2,4.2,4.21,4.2,4.205,4.21
25/10/2005,4.21563,4.22,4.22,4.23,4.215,4.215,4.21,4.21,4.22,4.22,4.22,4.2,4.215,4.21
26/10/2005,4.23,4.23,4.24,4.25,4.23,4.23,4.225,4.23,4.23,4.23,4.23,4.23,4.23,4.23
27/10/2005,4.24313,4.25,4.25,4.26,4.24,4.24,4.235,4.24,4.25,4.24,4.24,4.24,4.245,4.24
28/10/2005,4.25,4.25,4.26,4.26,4.25,4.25,4.245,4.26,4.25,4.25,4.25,4.25,4.25,4.25
31/10/2005,4.26,4.27,4.26,4.28,4.26,4.26,4.26,4.26,4.26,4.26,4.26,4.26,4.263,4.26
01/11/2005,4.26063,4.27,4.26,4.27,4.26,4.26,4.26,4.26,4.26,4.27,4.26,4.26,4.265,4.26
02/11/2005,4.28,4.29,4.28,4.29,4.28,4.28,4.275,4.28,4.28,4.28,4.28,4.28,4.28,4.28
03/11/2005,4.29063,4.3,4.3,4.29,4.295,4.295,4.29,4.29,4.29,4.29,4.29,4.29,4.29,4.29
04/11/2005,4.3,4.31,4.3,4.3,4.3,4.3,4.295,4.3,4.3,4.3,4.3,4.3,4.3,4.3
07/11/2005,4.30438,4.32,4.31,4.32,4.305,4.305,4.305,4.3,4.3,4.31,4.31,4.3,4.3,4.3
08/11/2005,4.31,4.32,4.32,4.33,4.31,4.31,4.31,4.31,4.31,4.31,4.31,4.31,4.31,4.31
09/11/2005,4.33,4.34,4.34,4.34,4.33,4.33,4.33,4.33,4.33,4.33,4.33,4.33,4.33,4.33
10/11/2005,4.33225,4.34,4.34,4.34,4.335,4.335,4.335,4.33,4.33,4.34,4.33,4.33,4.333,4.33
11/11/2005,4.34,4.35,4.34,4.35,4.34,4.335,4.34,4.34,4.34,4.34,4.34,4.34,4.333,4.34
14/11/2005,4.34,4.35,4.34,4.35,4.34,4.34,4.335,4.34,4.34,4.35,4.34,4.34,4.34,4.34
15/11/2005,4.35,4.36,4.35,4.37,4.35,4.35,4.35,4.35,4.35,4.35,4.35,4.35,4.35,4.35
16/11/2005,4.36813,4.38,4.37,4.37,4.36,4.365,4.365,4.37,4.37,4.37,4.37,4.36,4.365,4.36
17/11/2005,4.37,4.39,4.37,4.38,4.37,4.37,4.37,4.37,4.37,4.37,4.37,4.36,4.373,4.37
18/11/2005,4.3725,4.39,4.38,4.38,4.37,4.375,4.375,4.38,4.37,4.37,4.37,4.37,4.375,4.37
21/11/2005,4.38,4.39,4.38,4.39,4.38,4.38,4.375,4.38,4.38,4.39,4.38,4.38,4.38,4.38
22/11/2005,4.39375,4.41,4.4,4.4,4.395,4.395,4.39,4.39,4.39,4.4,4.4,4.39,4.395,4.39
23/11/2005,4.39,4.4,4.4,4.39,4.39,4.39,4.39,4.39,4.38,4.39,4.39,4.38,4.39,4.39
24/11/2005,4.4,4.41,4.4,4.41,4.4,4.4,4.4,4.4,4.4,4.4,4.39,4.39,4.39,4.39
25/11/2005,4.40063,4.42,4.4,4.41,4.4,4.4,4.405,4.4,4.4,4.41,4.4,4.39,4.4,4.39
28/11/2005,4.40625,4.43,4.41,4.41,4.405,4.405,4.41,4.41,4.4,4.41,4.4,4.4,4.41,4.4
29/11/2005,4.41,4.43,4.41,4.42,4.41,4.41,4.41,4.41,4.41,4.43,4.41,4.41,4.41,4.41
30/11/2005,4.42,4.44,4.42,4.43,4.42,4.42,4.41,4.42,4.42,4.42,4.42,4.42,4.42,4.42
01/12/2005,4.44,4.46,4.44,4.44,4.44,4.44,4.435,4.44,4.44,4.44,4.44,4.44,4.44,4.44
02/12/2005,4.44688,4.47,4.45,4.46,4.44,4.445,4.44,4.45,4.45,4.45,4.44,4.44,4.45,4.44
05/12/2005,4.45,4.47,4.45,4.46,4.45,4.45,4.45,4.45,4.45,4.45,4.45,4.45,4.45,4.45
06/12/2005,4.45688,4.47,4.46,4.46,4.455,4.465,4.455,4.45,4.45,4.46,4.46,4.45,4.455,4.45
07/12/2005,4.46,4.48,4.46,4.47,4.46,4.46,4.47,4.46,4.46,4.46,4.46,4.46,4.46,4.46
08/12/2005,4.48,4.5,4.48,4.49,4.475,4.48,4.48,4.48,4.48,4.48,4.48,4.48,4.475,4.48
09/12/2005,4.48,4.5,4.48,4.5,4.48,4.48,4.48,4.48,4.48,4.48,4.48,4.48,4.48,4.48
12/12/2005,4.48875,4.51,4.49,4.5,4.48,4.485,4.485,4.49,4.49,4.49,4.49,4.49,4.485,4.48
13/12/2005,4.49125,4.51,4.5,4.5,4.48,4.49,4.49,4.49,4.49,4.5,4.49,4.49,4.49,4.49
14/12/2005,4.49125,4.5,4.49,4.5,4.49,4.49,4.49,4.49,4.49,4.5,4.49,4.49,4.495,4.49
15/12/2005,4.49688,4.51,4.49,4.51,4.495,4.495,4.485,4.5,4.5,4.5,4.49,4.49,4.495,4.49
16/12/2005,4.5,4.51,4.49,4.51,4.5,4.5,4.49,4.5,4.5,4.5,4.5,4.49,4.5,4.5
19/12/2005,4.5,4.51,4.49,4.5,4.5,4.5,4.49,4.5,4.5,4.5,4.5,4.49,4.503,4.5
20/12/2005,4.50125,4.51,4.5,4.51,4.5,4.5,4.505,4.5,4.5,4.51,4.5,4.49,4.5,4.5
21/12/2005,4.50375,4.51,4.5,4.51,4.505,4.505,4.5,4.5,4.5,4.51,4.51,4.49,4.505,4.5
22/12/2005,4.51938,4.53,4.515,4.52,4.515,4.525,4.51,4.52,4.52,4.52,4.52,4.5,4.523,4.52
23/12/2005,4.52063,4.53,4.52,4.53,4.52,4.52,4.51,4.52,4.52,4.53,4.52,4.5,4.52,4.52
26/12/2005,4.52063,4.53,4.52,4.53,4.52,4.52,4.51,4.52,4.52,4.53,4.52,4.5,4.52,4.52
27/12/2005,4.52063,4.53,4.52,4.53,4.52,4.52,4.51,4.52,4.52,4.53,4.52,4.5,4.52,4.52
28/12/2005,4.52688,4.53,4.52,4.53,4.53,4.53,4.52,4.52,4.52,4.53,4.53,4.51,4.525,4.53
29/12/2005,4.53,4.54,4.52,4.53,4.53,4.53,4.525,4.53,4.53,4.53,4.53,4.52,4.535,4.53
30/12/2005,4.53625,4.54,4.53,4.54,4.535,4.535,4.525,4.54,4.54,4.53,4.54,4.53,4.54,4.53
02/01/2006,4.53625,4.54,4.53,4.54,4.535,4.535,4.525,4.54,4.54,4.53,4.54,4.53,4.54,4.53
03/01/2006,4.54438,4.55,4.54,4.54,4.545,4.55,4.545,4.55,4.54,4.55,4.54,4.54,4.55,4.545
04/01/2006,4.54063,4.55,4.54,4.54,4.54,4.54,4.545,4.54,4.54,4.54,4.54,4.54,4.545,4.54
05/01/2006,4.55,4.56,4.55,4.56,4.55,4.55,4.55,4.55,4.55,4.55,4.55,4.54,4.55,4.55
06/01/2006,4.55,4.56,4.55,4.55,4.55,4.55,4.55,4.55,4.55,4.56,4.55,4.55,4.55,4.55
09/01/2006,4.56,4.57,4.55,4.55,4.56,4.56,4.56,4.56,4.56,4.56,4.56,4.56,4.563,4.56
10/01/2006,4.5685,4.57,4.56,4.56,4.565,4.57,4.57,4.57,4.56,4.57,4.57,4.57,4.568,4.57
11/01/2006,4.58,4.59,4.57,4.59,4.575,4.58,4.575,4.58,4.58,4.58,4.58,4.58,4.58,4.58
12/01/2006,4.6,4.6,4.6,4.61,4.6,4.6,4.6,4.6,4.6,4.6,4.6,4.6,4.6,4.6
13/01/2006,4.6,4.6,4.6,4.6,4.595,4.6,4.6,4.6,4.6,4.6,4.6,4.6,4.6,4.6
16/01/2006,4.6,4.6,4.6,4.61,4.6,4.6,4.605,4.6,4.6,4.6,4.6,4.6,4.6,4.6
17/01/2006,4.60225,4.61,4.6,4.61,4.6,4.605,4.605,4.605,4.6,4.6,4.6,4.6,4.603,4.6
18/01/2006,4.601,4.61,4.6,4.62,4.6,4.605,4.605,4.6,4.6,4.6,4.6,4.6,4.603,4.6
19/01/2006,4.61375,4.62,4.61,4.61,4.61,4.62,4.61,4.62,4.62,4.61,4.61,4.61,4.615,4.62
20/01/2006,4.62,4.63,4.61,4.62,4.62,4.62,4.615,4.62,4.62,4.62,4.62,4.61,4.62,4.62
23/01/2006,4.62288,4.63,4.62,4.63,4.625,4.625,4.63,4.63,4.62,4.62,4.62,4.62,4.623,4.62
24/01/2006,4.63,4.64,4.63,4.63,4.63,4.63,4.64,4.63,4.63,4.63,4.63,4.63,4.63,4.63
25/01/2006,4.63975,4.65,4.64,4.64,4.635,4.635,4.64,4.64,4.64,4.64,4.64,4.63,4.638,4.63
26/01/2006,4.66,4.67,4.66,4.67,4.66,4.66,4.66,4.66,4.65,4.66,4.66,4.65,4.658,4.655
27/01/2006,4.6675,4.68,4.67,4.67,4.665,4.665,4.665,4.66,4.67,4.67,4.67,4.66,4.665,4.665
30/01/2006,4.68,4.68,4.68,4.68,4.68,4.68,4.675,4.68,4.68,4.68,4.68,4.68,4.68,4.68
31/01/2006,4.68,4.68,4.68,4.68,4.68,4.68,4.675,4.68,4.68,4.68,4.68,4.68,4.68,4.68
01/02/2006,4.69,4.69,4.69,4.68,4.69,4.69,4.68,4.69,4.69,4.68,4.69,4.69,4.69,4.69
02/02/2006,4.71,4.71,4.71,4.71,4.715,4.71,4.7,4.71,4.71,4.71,4.72,4.71,4.71,4.71
03/02/2006,4.71,4.71,4.71,4.71,4.71,4.71,4.7,4.71,4.71,4.71,4.71,4.71,4.71,4.71
06/02/2006,4.715,4.72,4.71,4.71,4.72,4.72,4.705,4.72,4.71,4.71,4.72,4.71,4.715,4.71
07/02/2006,4.72,4.72,4.73,4.72,4.72,4.72,4.71,4.72,4.72,4.72,4.72,4.72,4.72,4.72
08/02/2006,4.72,4.72,4.73,4.72,4.72,4.72,4.72,4.72,4.72,4.72,4.72,4.72,4.725,4.72
09/02/2006,4.74,4.74,4.74,4.74,4.74,4.74,4.73,4.74,4.74,4.74,4.74,4.74,4.74,4.74
10/02/2006,4.74063,4.74,4.75,4.75,4.74,4.74,4.74,4.74,4.74,4.74,4.74,4.74,4.745,4.74
13/02/2006,4.74875,4.75,4.76,4.75,4.74,4.745,4.74,4.75,4.75,4.75,4.75,4.74,4.75,4.745
14/02/2006,4.75,4.75,4.75,4.74,4.74,4.75,4.75,4.75,4.75,4.75,4.75,4.75,4.75,4.75
15/02/2006,4.75,4.75,4.74,4.75,4.745,4.75,4.75,4.75,4.75,4.75,4.75,4.75,4.75,4.75
16/02/2006,4.77,4.77,4.77,4.78,4.77,4.77,4.77,4.77,4.77,4.77,4.77,4.77,4.77,4.77
17/02/2006,4.77,4.77,4.77,4.79,4.77,4.77,4.77,4.77,4.77,4.77,4.77,4.77,4.77,4.77
20/02/2006,4.77031,4.77,4.78,4.77,4.775,4.775,4.77,4.77,4.77,4.77,4.77,4.77,4.77,4.775
21/02/2006,4.77375,4.78,4.78,4.78,4.775,4.775,4.77,4.77,4.77,4.77,4.78,4.77,4.775,4.77
22/02/2006,4.78,4.78,4.79,4.79,4.78,4.78,4.78,4.78,4.78,4.78,4.78,4.77,4.78,4.78
23/02/2006,4.8,4.8,4.8,4.81,4.8,4.8,4.8,4.8,4.8,4.8,4.8,4.8,4.8,4.8
24/02/2006,4.81,4.82,4.82,4.82,4.81,4.81,4.805,4.81,4.81,4.81,4.8,4.8,4.81,4.805
27/02/2006,4.82,4.82,4.82,4.83,4.815,4.82,4.815,4.82,4.82,4.82,4.82,4.81,4.82,4.82
28/02/2006,4.8225,4.82,4.83,4.82,4.825,4.835,4.82,4.83,4.82,4.82,4.82,4.82,4.825,4.83
01/03/2006,4.83,4.83,4.83,4.83,4.825,4.83,4.83,4.83,4.83,4.83,4.83,4.83,4.83,4.83
02/03/2006,4.84,4.84,4.84,4.85,4.835,4.84,4.84,4.84,4.84,4.84,4.84,4.84,4.84,4.84
03/03/2006,4.85,4.85,4.85,4.87,4.85,4.85,4.85,4.85,4.85,4.85,4.85,4.85,4.85,4.85
06/03/2006,4.86,4.86,4.86,4.87,4.86,4.86,4.86,4.86,4.86,4.86,4.86,4.86,4.86,4.86
07/03/2006,4.87,4.87,4.87,4.89,4.865,4.87,4.865,4.87,4.87,4.87,4.87,4.86,4.87,4.86
08/03/2006,4.88,4.88,4.88,4.9,4.88,4.88,4.88,4.88,4.88,4.88,4.88,4.87,4.88,4.88
09/03/2006,4.89,4.89,4.89,4.91,4.89,4.89,4.89,4.89,4.89,4.89,4.89,4.89,4.893,4.89
10/03/2006,4.9,4.9,4.9,4.9,4.9,4.9,4.9,4.9,4.9,4.9,4.9,4.9,4.9,4.9
13/03/2006,4.91,4.91,4.9,4.9,4.91,4.91,4.91,4.91,4.91,4.91,4.91,4.91,4.91,4.91
14/03/2006,4.91688,4.92,4.91,4.93,4.915,4.915,4.92,4.92,4.91,4.91,4.92,4.91,4.915,4.92
15/03/2006,4.92,4.92,4.92,4.93,4.92,4.92,4.92,4.92,4.92,4.92,4.92,4.92,4.918,4.92
16/03/2006,4.93,4.93,4.925,4.95,4.93,4.93,4.93,4.93,4.93,4.93,4.93,4.93,4.93,4.93
17/03/2006,4.93,4.93,4.925,4.94,4.93,4.92,4.93,4.93,4.93,4.93,4.93,4.93,4.93,4.93
20/03/2006,4.93538,4.94,4.93,4.95,4.935,4.935,4.94,4.94,4.94,4.93,4.93,4.93,4.938,4.935
21/03/2006,4.94,4.94,4.93,4.94,4.94,4.94,4.945,4.94,4.94,4.94,4.94,4.94,4.94,4.94
22/03/2006,4.95031,4.96,4.95,4.97,4.95,4.95,4.95,4.95,4.95,4.95,4.95,4.95,4.955,4.95
23/03/2006,4.96,4.96,4.95,4.96,4.96,4.96,4.96,4.96,4.96,4.96,4.96,4.96,4.96,4.96
24/03/2006,4.96475,4.97,4.96,4.97,4.965,4.965,4.98,4.97,4.96,4.96,4.94,4.96,4.963,4.965
27/03/2006,4.96,4.96,4.95,4.97,4.96,4.96,4.96,4.96,4.96,4.96,4.96,4.96,4.96,4.96
28/03/2006,4.96,4.97,4.95,4.98,4.96,4.96,4.96,4.96,4.96,4.96,4.96,4.96,4.96,4.96
29/03/2006,4.97938,4.98,4.97,4.98,4.98,4.98,4.98,4.98,4.97,4.98,4.98,4.97,4.98,4.98
30/03/2006,4.99,4.99,4.99,4.99,4.99,4.99,4.99,4.99,4.99,4.99,4.99,4.99,4.985,4.99
31/03/2006,5,5,5,5.01,5,5,5,5,5,5,5,5,5,5
03/04/2006,5,5.01,5,5.02,5,5,5,5,5,5,5,5,5,5
04/04/2006,5.01,5.01,5.01,5.02,5.01,5.01,5.01,5.01,5.01,5.01,5.01,5.01,5.01,5.01
05/04/2006,5.01375,5.02,5.02,5.03,5.015,5.01,5.015,5.01,5.01,5.01,5.02,5.01,5.015,5.01
06/04/2006,5.0225,5.03,5.02,5.04,5.025,5.025,5.025,5.02,5.02,5.02,5.02,5.02,5.025,5.025
07/04/2006,5.02813,5.03,5.02,5.04,5.02,5.025,5.025,5.03,5.03,5.03,5.02,5.02,5.03,5.03
10/04/2006,5.04469,5.05,5.04,5.06,5.04,5.04,5.04,5.04,5.05,5.05,5.04,5.04,5.05,5.05
11/04/2006,5.05,5.06,5.05,5.06,5.05,5.05,5.05,5.05,5.05,5.05,5.05,5.045,5.05,5.05
12/04/2006,5.06825,5.07,5.08,5.07,5.065,5.065,5.075,5.07,5.07,5.07,5.06,5.065,5.07,5.065
13/04/2006,5.07688,5.08,5.07,5.08,5.075,5.075,5.075,5.08,5.07,5.08,5.08,5.08,5.075,5.075
14/04/2006,5.07688,5.08,5.07,5.08,5.075,5.075,5.075,5.08,5.07,5.08,5.08,5.08,5.075,5.075
17/04/2006,5.07688,5.08,5.07,5.08,5.075,5.075,5.075,5.08,5.07,5.08,5.08,5.08,5.075,5.075
18/04/2006,5.08,5.08,5.08,5.09,5.08,5.08,5.08,5.08,5.08,5.08,5.08,5.08,5.08,5.08
19/04/2006,5.07469,5.07,5.08,5.09,5.08,5.075,5.08,5.07,5.07,5.07,5.07,5.065,5.075,5.075
20/04/2006,5.09,5.09,5.09,5.1,5.09,5.09,5.09,5.09,5.09,5.09,5.09,5.085,5.09,5.09
21/04/2006,5.1,5.1,5.1,5.04,5.1,5.1,5.1,5.1,5.1,5.1,5.1,5.095,5.095,5.1
24/04/2006,5.1075,5.11,5.11,5.11,5.105,5.105,5.105,5.11,5.1,5.11,5.11,5.105,5.105,5.105
25/04/2006,5.11,5.11,5.11,5.11,5.11,5.11,5.11,5.11,5.11,5.11,5.11,5.105,5.11,5.11
26/04/2006,5.12563,5.13,5.12,5.13,5.12,5.125,5.12,5.13,5.13,5.13,5.12,5.12,5.125,5.12
27/04/2006,5.14875,5.15,5.15,5.15,5.145,5.15,5.145,5.15,5.15,5.15,5.15,5.145,5.15,5.14
28/04/2006,5.13,5.13,5.13,5.13,5.13,5.13,5.13,5.13,5.12,5.13,5.13,5.125,5.125,5.13
01/05/2006,5.13,5.13,5.13,5.13,5.13,5.13,5.13,5.13,5.12,5.13,5.13,5.125,5.125,5.13
02/05/2006,5.14563,5.15,5.15,5.15,5.14,5.145,5.14,5.14,5.15,5.15,5.14,5.145,5.145,5.14
03/05/2006,5.15,5.15,5.15,5.15,5.145,5.15,5.15,5.15,5.15,5.15,5.15,5.145,5.15,5.15
04/05/2006,5.16,5.16,5.16,5.17,5.155,5.16,5.16,5.16,5.16,5.16,5.16,5.16,5.16,5.16
05/05/2006,5.16625,5.17,5.17,5.17,5.165,5.165,5.165,5.165,5.16,5.17,5.16,5.16,5.17,5.165
08/05/2006,5.16,5.17,5.16,5.17,5.16,5.16,5.155,5.16,5.16,5.16,5.16,5.16,5.16,5.16
09/05/2006,5.16188,5.17,5.16,5.18,5.16,5.16,5.16,5.165,5.16,5.16,5.16,5.16,5.165,5.16
10/05/2006,5.16438,5.17,5.17,5.17,5.165,5.165,5.16,5.17,5.16,5.16,5.16,5.16,5.165,5.16
11/05/2006,5.17,5.17,5.17,5.18,5.165,5.17,5.17,5.17,5.17,5.17,5.17,5.165,5.17,5.17
12/05/2006,5.17,5.17,5.17,5.19,5.17,5.17,5.175,5.17,5.17,5.17,5.17,5.17,5.17,5.17
15/05/2006,5.17063,5.18,5.17,5.18,5.17,5.17,5.17,5.17,5.17,5.17,5.17,5.17,5.17,5.17
16/05/2006,5.1725,5.18,5.18,5.18,5.175,5.17,5.175,5.175,5.17,5.17,5.17,5.17,5.1675,5.17
17/05/2006,5.17381,5.18,5.18,5.18,5.175,5.175,5.175,5.175,5.17,5.17,5.17,5.17,5.173,5.175
18/05/2006,5.18938,5.2,5.19,5.2,5.185,5.19,5.195,5.19,5.19,5.19,5.18,5.18,5.19,5.185
19/05/2006,5.19375,5.2,5.19,5.2,5.195,5.195,5.2,5.19,5.19,5.19,5.19,5.185,5.195,5.195
22/05/2006,5.2075,5.21,5.21,5.22,5.21,5.21,5.205,5.21,5.2,5.2,5.2,5.195,5.205,5.21
23/05/2006,5.21,5.22,5.21,5.22,5.21,5.21,5.21,5.21,5.21,5.21,5.21,5.205,5.21,5.21
24/05/2006,5.21438,5.22,5.22,5.22,5.215,5.215,5.215,5.215,5.21,5.22,5.21,5.21,5.215,5.215
25/05/2006,5.22,5.23,5.22,5.225,5.22,5.22,5.22,5.22,5.22,5.22,5.21,5.22,5.23,5.22
26/05/2006,5.22688,5.22,5.23,5.24,5.225,5.23,5.225,5.23,5.23,5.23,5.22,5.225,5.225,5.225
29/05/2006,5.22688,5.22,5.23,5.24,5.225,5.23,5.225,5.23,5.23,5.23,5.22,5.225,5.225,5.225
30/05/2006,5.23063,5.24,5.23,5.26,5.23,5.23,5.225,5.23,5.23,5.23,5.23,5.235,5.235,5.23
31/05/2006,5.23813,5.25,5.24,5.25,5.235,5.235,5.235,5.24,5.24,5.24,5.23,5.235,5.235,5.235
01/06/2006,5.27063,5.28,5.27,5.29,5.27,5.27,5.265,5.27,5.27,5.27,5.27,5.27,5.275,5.275
02/06/2006,5.27,5.28,5.27,5.29,5.27,5.27,5.27,5.27,5.27,5.27,5.27,5.27,5.275,5.27
05/06/2006,5.23625,5.24,5.24,5.24,5.235,5.235,5.235,5.24,5.23,5.23,5.23,5.24,5.235,5.235
06/06/2006,5.27,5.28,5.27,5.28,5.27,5.27,5.27,5.27,5.27,5.28,5.27,5.27,5.275,5.27
07/06/2006,5.2825,5.29,5.28,5.3,5.28,5.285,5.285,5.28,5.28,5.29,5.28,5.28,5.285,5.28
08/06/2006,5.3,5.31,5.3,5.3,5.295,5.3,5.3,5.3,5.3,5.3,5.3,5.29,5.305,5.295
09/06/2006,5.31,5.31,5.31,5.32,5.31,5.31,5.31,5.31,5.31,5.31,5.31,5.31,5.305,5.31
12/06/2006,5.31938,5.32,5.32,5.32,5.32,5.32,5.31,5.32,5.32,5.32,5.31,5.315,5.315,5.32
13/06/2006,5.32938,5.34,5.33,5.35,5.33,5.33,5.32,5.33,5.33,5.32,5.33,5.33,5.325,5.33
14/06/2006,5.34063,5.35,5.34,5.36,5.34,5.345,5.34,5.35,5.34,5.34,5.34,5.34,5.34,5.345
15/06/2006,5.39563,5.42,5.4,5.41,5.4,5.4,5.395,5.4,5.39,5.39,5.39,5.39,5.395,5.39
16/06/2006,5.41375,5.43,5.4,5.41,5.415,5.415,5.405,5.42,5.41,5.42,5.41,5.41,5.415,5.41
19/06/2006,5.42438,5.44,5.43,5.44,5.42,5.42,5.415,5.42,5.43,5.43,5.42,5.41,5.42,5.425
20/06/2006,5.43688,5.45,5.44,5.44,5.435,5.435,5.43,5.44,5.44,5.43,5.43,5.43,5.435,5.435
21/06/2006,5.44875,5.46,5.45,5.45,5.445,5.45,5.44,5.45,5.45,5.45,5.44,5.44,5.445,5.45
22/06/2006,5.46,5.47,5.46,5.46,5.46,5.46,5.46,5.47,5.46,5.46,5.46,5.455,5.46,5.42
23/06/2006,5.48,5.49,5.48,5.5,5.48,5.48,5.475,5.48,5.48,5.48,5.48,5.475,5.48,5.48
26/06/2006,5.49,5.5,5.49,5.5,5.49,5.49,5.49,5.5,5.49,5.49,5.49,5.485,5.49,5.49
27/06/2006,5.5,5.5,5.5,5.5,5.5,5.5,5.5,5.51,5.5,5.5,5.5,5.49,5.495,5.5
28/06/2006,5.49875,5.51,5.5,5.5,5.5,5.495,5.495,5.51,5.5,5.5,5.5,5.49,5.4925,5.5
29/06/2006,5.50813,5.52,5.51,5.53,5.5,5.505,5.505,5.51,5.51,5.51,5.5,5.5,5.5,5.51
30/06/2006,5.48063,5.49,5.48,5.49,5.48,5.48,5.48,5.49,5.48,5.48,5.48,5.475,5.475,5.48
03/07/2006,5.48,5.49,5.48,5.5,5.48,5.48,5.48,5.48,5.48,5.48,5.48,5.47,5.48,5.48
04/07/2006,5.48563,5.49,5.49,5.5,5.485,5.485,5.485,5.49,5.48,5.49,5.48,5.475,5.48,5.485
05/07/2006,5.48875,5.5,5.49,5.51,5.485,5.485,5.485,5.49,5.49,5.49,5.49,5.48,5.49,5.485
06/07/2006,5.50719,5.52,5.5,5.52,5.5,5.5,5.505,5.51,5.51,5.51,5.5,5.495,5.51,5.505
07/07/2006,5.51,5.52,5.51,5.51,5.51,5.505,5.505,5.51,5.51,5.51,5.51,5.5,5.51,5.51
10/07/2006,5.5,5.5,5.5,5.52,5.5,5.5,5.5,5.5,5.5,5.5,5.5,5.5,5.5,5.5
11/07/2006,5.5,5.5,5.5,5.52,5.5,5.5,5.5,5.5,5.5,5.5,5.5,5.5,5.5,5.5
12/07/2006,5.50031,5.51,5.5,5.52,5.505,5.5,5.5,5.5,5.5,5.5,5.5,5.5,5.5,5.5
13/07/2006,5.50688,5.51,5.51,5.52,5.505,5.505,5.505,5.51,5.5,5.51,5.5,5.5,5.503,5.505
14/07/2006,5.49813,5.51,5.5,5.52,5.495,5.495,5.495,5.5,5.49,5.5,5.5,5.495,5.5,5.495
17/07/2006,5.49,5.5,5.49,5.49,5.49,5.485,5.48,5.49,5.49,5.49,5.49,5.485,5.485,5.49
18/07/2006,5.5,5.5,5.5,5.5,5.5,5.5,5.5,5.49,5.5,5.5,5.5,5.5,5.495,5.5
19/07/2006,5.52,5.52,5.52,5.53,5.52,5.52,5.52,5.52,5.52,5.53,5.52,5.51,5.518,5.52
20/07/2006,5.51063,5.52,5.51,5.51,5.51,5.51,5.52,5.51,5.51,5.52,5.51,5.5,5.515,5.51
21/07/2006,5.485,5.49,5.48,5.5,5.48,5.48,5.49,5.49,5.49,5.48,5.48,5.48,5.485,5.48
24/07/2006,5.49,5.49,5.49,5.49,5.49,5.48,5.48,5.48,5.49,5.49,5.49,5.485,5.49,5.49
25/07/2006,5.49,5.49,5.49,5.51,5.49,5.49,5.49,5.49,5.49,5.49,5.49,5.485,5.49,5.49
26/07/2006,5.5,5.5,5.5,5.52,5.5,5.5,5.5,5.5,5.5,5.51,5.5,5.51,5.5,5.5
27/07/2006,5.485,5.49,5.49,5.51,5.48,5.48,5.47,5.48,5.49,5.49,5.48,5.49,5.485,5.48
28/07/2006,5.48875,5.5,5.49,5.49,5.485,5.485,5.48,5.49,5.49,5.49,5.48,5.49,5.485,5.485
31/07/2006,5.46563,5.47,5.47,5.46,5.465,5.465,5.465,5.47,5.46,5.47,5.47,5.465,5.46,5.465
01/08/2006,5.4675,5.47,5.47,5.47,5.465,5.465,5.47,5.47,5.47,5.47,5.46,5.465,5.4625,5.465
02/08/2006,5.47188,5.48,5.48,5.48,5.475,5.475,5.475,5.47,5.47,5.47,5.47,5.47,5.47,5.47
03/08/2006,5.48,5.49,5.48,5.48,5.475,5.475,5.48,5.48,5.48,5.48,5.48,5.475,5.48,5.475
04/08/2006,5.49938,5.5,5.5,5.5,5.5,5.5,5.5,5.49,5.5,5.49,5.5,5.495,5.495,5.515
07/08/2006,5.44,5.44,5.44,5.44,5.44,5.44,5.45,5.44,5.44,5.44,5.44,5.44,5.44,5.44
08/08/2006,5.44594,5.45,5.45,5.45,5.445,5.445,5.45,5.44,5.44,5.45,5.44,5.445,5.445,5.44
09/08/2006,5.40375,5.41,5.4,5.4,5.4,5.4,5.4,5.4,5.41,5.41,5.4,5.405,5.405,5.405
10/08/2006,5.40188,5.41,5.4,5.41,5.405,5.4,5.4,5.4,5.41,5.4,5.4,5.4,5.405,5.4
11/08/2006,5.405,5.41,5.41,5.4,5.4,5.405,5.405,5.4,5.41,5.41,5.4,5.405,5.405,5.4
14/08/2006,5.41625,5.42,5.42,5.42,5.42,5.415,5.41,5.41,5.42,5.41,5.41,5.41,5.415,5.42
15/08/2006,5.42625,5.43,5.43,5.43,5.425,5.425,5.425,5.42,5.42,5.43,5.42,5.42,5.425,5.43
16/08/2006,5.41,5.42,5.41,5.42,5.41,5.41,5.41,5.41,5.41,5.41,5.41,5.41,5.41,5.41
17/08/2006,5.3925,5.4,5.4,5.4,5.395,5.39,5.395,5.39,5.39,5.39,5.39,5.39,5.39,5.395
18/08/2006,5.39938,5.4,5.4,5.42,5.4,5.4,5.4,5.39,5.39,5.4,5.4,5.39,5.395,5.4
21/08/2006,5.39813,5.4,5.39,5.41,5.395,5.395,5.395,5.4,5.4,5.4,5.39,5.39,5.4,5.395
22/08/2006,5.4,5.4,5.39,5.41,5.39,5.4,5.4,5.4,5.4,5.4,5.4,5.39,5.4,5.4
23/08/2006,5.4,5.4,5.4,5.41,5.4,5.4,5.4,5.4,5.4,5.4,5.4,5.4,5.4,5.4
24/08/2006,5.4,5.4,5.4,5.41,5.4,5.4,5.4,5.4,5.4,5.4,5.4,5.39,5.4,5.4
25/08/2006,5.4,5.4,5.4,5.4,5.4,5.4,5.4,5.4,5.4,5.4,5.39,5.39,5.4,5.4
28/08/2006,5.4,5.4,5.4,5.4,5.4,5.4,5.4,5.4,5.4,5.4,5.39,5.39,5.4,5.4
29/08/2006,5.4,5.41,5.4,5.41,5.4,5.4,5.4,5.4,5.4,5.4,5.4,5.4,5.41,5.4
30/08/2006,5.4,5.4,5.4,5.41,5.4,5.4,5.4,5.4,5.4,5.4,5.4,5.4,5.4,5.4
31/08/2006,5.3975,5.4,5.4,5.41,5.395,5.395,5.395,5.4,5.4,5.36,5.4,5.4,5.395,5.395
01/09/2006,5.39063,5.39,5.4,5.39,5.39,5.39,5.395,5.395,5.39,5.39,5.4,5.39,5.37,5.39
04/09/2006,5.39,5.39,5.39,5.4,5.39,5.39,5.39,5.39,5.39,5.39,5.39,5.39,5.37,5.39
05/09/2006,5.39,5.39,5.39,5.39,5.39,5.39,5.39,5.39,5.39,5.39,5.39,5.39,5.39,5.39
06/09/2006,5.39,5.39,5.39,5.39,5.39,5.39,5.39,5.39,5.39,5.39,5.39,5.39,5.39,5.39
07/09/2006,5.39,5.39,5.39,5.39,5.39,5.39,5.395,5.39,5.39,5.39,5.39,5.39,5.39,5.39
08/09/2006,5.39,5.39,5.39,5.39,5.39,5.39,5.395,5.39,5.39,5.39,5.39,5.39,5.39,5.39
11/09/2006,5.39,5.39,5.39,5.4,5.39,5.39,5.395,5.39,5.39,5.39,5.39,5.39,5.39,5.39
12/09/2006,5.39,5.39,5.39,5.4,5.39,5.39,5.395,5.39,5.39,5.39,5.39,5.39,5.39,5.39
13/09/2006,5.39,5.39,5.39,5.4,5.39,5.39,5.395,5.39,5.39,5.39,5.39,5.39,5.39,5.39
14/09/2006,5.39,5.39,5.39,5.39,5.39,5.39,5.395,5.39,5.39,5.39,5.39,5.39,5.39,5.39
15/09/2006,5.39,5.39,5.39,5.39,5.39,5.39,5.395,5.39,5.39,5.39,5.39,5.39,5.39,5.39
18/09/2006,5.39,5.39,5.39,5.395,5.39,5.39,5.395,5.39,5.39,5.39,5.39,5.39,5.39,5.39
19/09/2006,5.39,5.39,5.39,5.4,5.39,5.39,5.395,5.39,5.39,5.39,5.39,5.38,5.39,5.39
20/09/2006,5.38688,5.39,5.39,5.39,5.385,5.385,5.385,5.385,5.38,5.39,5.39,5.38,5.385,5.385
21/09/2006,5.38875,5.39,5.39,5.39,5.385,5.385,5.385,5.39,5.39,5.39,5.39,5.38,5.39,5.385
22/09/2006,5.37063,5.38,5.37,5.38,5.365,5.37,5.375,5.365,5.37,5.37,5.37,5.37,5.375,5.37
25/09/2006,5.36781,5.37,5.37,5.36,5.365,5.365,5.365,5.37,5.37,5.37,5.36,5.36,5.37,5.365
26/09/2006,5.36375,5.37,5.37,5.35,5.365,5.365,5.36,5.365,5.36,5.37,5.36,5.36,5.365,5.365
27/09/2006,5.36688,5.37,5.37,5.36,5.365,5.365,5.365,5.365,5.36,5.37,5.37,5.36,5.37,5.365
28/09/2006,5.37163,5.38,5.38,5.37,5.375,5.375,5.375,5.37,5.37,5.37,5.37,5.37,5.373,5.37
29/09/2006,5.37,5.37,5.37,5.37,5.37,5.37,5.375,5.37,5.37,5.37,5.37,5.37,5.373,5.37
02/10/2006,5.37,5.38,5.37,5.38,5.37,5.37,5.37,5.37,5.37,5.37,5.37,5.37,5.365,5.37
03/10/2006,5.37,5.37,5.37,5.36,5.37,5.37,5.37,5.37,5.37,5.37,5.37,5.37,5.365,5.37
04/10/2006,5.37,5.37,5.37,5.36,5.37,5.37,5.375,5.37,5.37,5.37,5.37,5.37,5.37,5.37
05/10/2006,5.36813,5.37,5.37,5.37,5.36,5.37,5.365,5.37,5.36,5.37,5.37,5.37,5.36,5.365
06/10/2006,5.37,5.37,5.37,5.35,5.37,5.37,5.37,5.37,5.37,5.37,5.37,5.375,5.37,5.37
09/10/2006,5.37,5.38,5.37,5.36,5.37,5.37,5.37,5.37,5.37,5.37,5.37,5.36,5.37,5.37
10/10/2006,5.37188,5.38,5.38,5.37,5.375,5.37,5.375,5.375,5.37,5.37,5.37,5.365,5.37,5.37
11/10/2006,5.37344,5.38,5.38,5.37,5.375,5.375,5.375,5.375,5.37,5.37,5.37,5.365,5.375,5.375
12/10/2006,5.37375,5.38,5.38,5.37,5.375,5.375,5.375,5.375,5.37,5.38,5.37,5.37,5.375,5.375
13/10/2006,5.37375,5.38,5.39,5.35,5.375,5.375,5.375,5.375,5.37,5.37,5.37,5.37,5.375,5.375
16/10/2006,5.37438,5.38,5.38,5.37,5.375,5.375,5.375,5.375,5.37,5.38,5.37,5.37,5.375,5.375
17/10/2006,5.37438,5.38,5.38,5.37,5.375,5.375,5.375,5.375,5.37,5.38,5.37,5.37,5.375,5.375
18/10/2006,5.37375,5.38,5.38,5.37,5.375,5.375,5.375,5.375,5.37,5.38,5.37,5.37,5.375,5.37
19/10/2006,5.37375,5.37,5.38,5.36,5.375,5.375,5.375,5.375,5.37,5.38,5.37,5.37,5.375,5.375
20/10/2006,5.37563,5.38,5.38,5.38,5.375,5.375,5.375,5.375,5.37,5.38,5.375,5.37,5.375,5.375
23/10/2006,5.37688,5.38,5.38,5.38,5.375,5.375,5.38,5.38,5.37,5.38,5.375,5.37,5.375,5.375
24/10/2006,5.38,5.38,5.38,5.38,5.375,5.38,5.38,5.38,5.38,5.38,5.375,5.37,5.38,5.38
25/10/2006,5.38,5.38,5.38,5.38,5.38,5.38,5.38,5.38,5.38,5.38,5.38,5.375,5.385,5.38
26/10/2006,5.37625,5.38,5.375,5.38,5.375,5.375,5.375,5.38,5.38,5.38,5.375,5.37,5.375,5.375
27/10/2006,5.37563,5.38,5.38,5.37,5.375,5.375,5.375,5.38,5.37,5.38,5.375,5.37,5.375,5.375
30/10/2006,5.37125,5.38,5.37,5.37,5.37,5.37,5.37,5.37,5.38,5.38,5.37,5.365,5.375,5.37
31/10/2006,5.37063,5.38,5.38,5.37,5.37,5.37,5.37,5.37,5.37,5.38,5.37,5.365,5.37,5.37
01/11/2006,5.37,5.37,5.37,5.38,5.37,5.37,5.37,5.37,5.37,5.37,5.37,5.365,5.37,5.37
02/11/2006,5.36813,5.37,5.37,5.37,5.365,5.365,5.365,5.37,5.37,5.37,5.365,5.36,5.365,5.365
03/11/2006,5.37,5.37,5.37,5.36,5.37,5.365,5.37,5.37,5.37,5.37,5.37,5.365,5.37,5.37
06/11/2006,5.37531,5.38,5.38,5.38,5.37,5.375,5.3775,5.37,5.37,5.38,5.375,5.37,5.38,5.375
07/11/2006,5.37535,5.38,5.37,5.37,5.375,5.375,5.3775,5.38,5.37,5.38,5.375,5.37,5.37531,5.375
08/11/2006,5.37442,5.38,5.38,5.37,5.375,5.375,5.375,5.375,5.37,5.38,5.375,5.37,5.37535,5.375
09/11/2006,5.37625,5.38,5.38,5.38,5.375,5.375,5.375,5.375,5.37,5.38,5.375,5.37,5.38,5.375
10/11/2006,5.37438,5.38,5.37,5.37,5.375,5.375,5.375,5.37,5.37,5.38,5.375,5.37,5.375,5.375
13/11/2006,5.37375,5.37,5.37,5.37,5.375,5.375,5.375,5.375,5.37,5.38,5.375,5.37,5.375,5.375
14/11/2006,5.375,5.38,5.38,5.37,5.375,5.375,5.375,5.375,5.37,5.38,5.375,5.37,5.375,5.375
15/11/2006,5.37313,5.38,5.375,5.375,5.375,5.37,5.375,5.37,5.37,5.38,5.37,5.37,5.375,5.375
16/11/2006,5.375,5.38,5.38,5.37,5.375,5.375,5.375,5.375,5.37,5.38,5.375,5.37,5.375,5.375
17/11/2006,5.375,5.38,5.388,5.37,5.375,5.375,5.375,5.375,5.37,5.38,5.375,5.37,5.375,5.375
20/11/2006,5.37063,5.37,5.37,5.37,5.37,5.37,5.37,5.375,5.37,5.37,5.37,5.375,5.375,5.37
21/11/2006,5.37,5.37,5.375,5.37,5.37,5.37,5.37,5.37,5.37,5.37,5.37,5.37,5.37,5.37
22/11/2006,5.37,5.37,5.37,5.375,5.37,5.37,5.37,5.37,5.37,5.37,5.37,5.37,5.37,5.37
23/11/2006,5.37,5.37,5.36,5.37,5.37,5.37,5.37,5.37,5.37,5.37,5.37,5.365,5.37,5.36
24/11/2006,5.37,5.37,5.37,5.37,5.37,5.37,5.37,5.37,5.37,5.37,5.37,5.37,5.37,5.37
27/11/2006,5.37,5.37,5.37,5.37,5.37,5.37,5.37,5.37,5.37,5.37,5.37,5.365,5.365,5.37
28/11/2006,5.37,5.37,5.37,5.37,5.37,5.37,5.375,5.37,5.37,5.37,5.37,5.365,5.37,5.37
29/11/2006,5.36938,5.37,5.37,5.37,5.37,5.365,5.365,5.37,5.37,5.37,5.365,5.36,5.37,5.365
30/11/2006,5.37,5.37,5.37,5.37,5.37,5.37,5.365,5.37,5.37,5.37,5.37,5.365,5.365,5.37
01/12/2006,5.36563,5.37,5.37,5.36,5.365,5.36,5.36,5.365,5.37,5.37,5.365,5.36,5.365,5.365
04/12/2006,5.3525,5.36,5.36,5.35,5.355,5.35,5.355,5.355,5.35,5.36,5.355,5.35,5.35,5.355
05/12/2006,5.35,5.35,5.35,5.35,5.35,5.345,5.35,5.35,5.35,5.36,5.35,5.34,5.345,5.35
06/12/2006,5.35,5.35,5.35,5.35,5.35,5.35,5.35,5.35,5.35,5.35,5.35,5.34,5.35,5.35
07/12/2006,5.35313,5.36,5.36,5.35,5.355,5.35,5.355,5.355,5.35,5.36,5.355,5.34,5.35,5.355
08/12/2006,5.35563,5.36,5.36,5.36,5.355,5.35,5.355,5.355,5.35,5.36,5.355,5.34,5.355,5.355
11/12/2006,5.36,5.36,5.36,5.36,5.36,5.36,5.36,5.36,5.36,5.36,5.36,5.355,5.3625,5.36
12/12/2006,5.36,5.36,5.36,5.36,5.36,5.36,5.36,5.36,5.36,5.36,5.36,5.355,5.36,5.36
13/12/2006,5.36,5.36,5.36,5.36,5.36,5.36,5.36,5.36,5.36,5.36,5.36,5.355,5.36,5.36
14/12/2006,5.36063,5.36,5.37,5.36,5.365,5.36,5.36,5.365,5.36,5.36,5.36,5.355,5.365,5.365
15/12/2006,5.365,5.37,5.37,5.37,5.365,5.365,5.36,5.37,5.36,5.37,5.365,5.36,5.365,5.36
18/12/2006,5.365,5.36,5.365,5.365,5.365,5.365,5.36,5.365,5.36,5.37,5.365,5.36,5.365,5.365
19/12/2006,5.365,5.37,5.37,5.365,5.365,5.365,5.365,5.365,5.36,5.37,5.365,5.36,5.36,5.365
20/12/2006,5.365,5.37,5.37,5.37,5.35,5.365,5.365,5.365,5.36,5.37,5.365,5.355,5.36,5.36
21/12/2006,5.36563,5.37,5.375,5.37,5.365,5.365,5.365,5.365,5.36,5.37,5.365,5.355,5.36,5.365
22/12/2006,5.3625,5.37,5.36,5.36,5.365,5.365,5.365,5.36,5.36,5.37,5.365,5.355,5.36,5.365
26/12/2006,5.3625,5.37,5.36,5.36,5.365,5.365,5.365,5.36,5.36,5.37,5.365,5.355,5.36,5.365
27/12/2006,5.36375,5.37,5.365,5.365,5.365,5.365,5.34,5.365,5.36,5.37,5.365,5.355,5.36,5.365
28/12/2006,5.36,5.36,5.35,5.37,5.36,5.36,5.36,5.36,5.36,5.37,5.36,5.35,5.36,5.36
29/12/2006,5.36,5.36,5.36,5.37,5.36,5.36,5.36,5.36,5.36,5.36,5.36,5.355,5.36,5.36
01/01/2007,5.36,5.36,5.36,5.37,5.36,5.36,5.36,5.36,5.36,5.36,5.36,5.355,5.36,5.36
02/01/2007,5.36,5.36,5.36,5.36,5.36,5.36,5.36,5.36,5.36,5.36,5.36,5.355,5.36,5.36
03/01/2007,5.36,5.36,5.36,5.36,5.36,5.36,5.36,5.36,5.36,5.36,5.36,5.355,5.36,5.36
04/01/2007,5.36,5.36,5.36,5.36,5.36,5.36,5.36,5.36,5.36,5.36,5.36,5.35,5.36,5.36
05/01/2007,5.36,5.36,5.36,5.36,5.36,5.36,5.36,5.36,5.36,5.36,5.36,5.35,5.355,5.36
08/01/2007,5.36,5.36,5.36,5.36,5.36,5.36,5.36,5.36,5.36,5.36,5.36,5.35,5.36,5.36
09/01/2007,5.36,5.36,5.36,5.36,5.36,5.36,5.365,5.36,5.36,5.36,5.36,5.35,5.36,5.36
10/01/2007,5.36,5.36,5.36,5.36,5.36,5.36,5.365,5.36,5.36,5.36,5.36,5.35,5.36,5.36
11/01/2007,5.36,5.36,5.36,5.37,5.36,5.36,5.365,5.36,5.36,5.36,5.36,5.35,5.36,5.36
12/01/2007,5.36,5.36,5.36,5.37,5.36,5.36,5.365,5.36,5.36,5.36,5.36,5.355,5.362,5.36
15/01/2007,5.36025,5.36,5.36,5.37,5.36,5.36,5.365,5.36,5.36,5.36,5.36,5.355,5.362,5.36
16/01/2007,5.36,5.36,5.36,5.37,5.36,5.36,5.365,5.36,5.36,5.36,5.36,5.35,5.36,5.36
17/01/2007,5.36,5.36,5.36,5.37,5.36,5.36,5.365,5.36,5.36,5.36,5.36,5.35,5.36,5.36
18/01/2007,5.36,5.36,5.36,5.37,5.36,5.36,5.365,5.36,5.36,5.36,5.36,5.35,5.36,5.36
19/01/2007,5.36,5.36,5.36,5.36,5.36,5.36,5.365,5.36,5.36,5.36,5.36,5.35,5.36,5.36
22/01/2007,5.36,5.36,5.36,5.36,5.36,5.36,5.365,5.36,5.36,5.36,5.36,5.35,5.36,5.36
23/01/2007,5.36,5.36,5.36,5.37,5.36,5.36,5.365,5.36,5.36,5.36,5.36,5.35,5.36,5.36
24/01/2007,5.36,5.36,5.36,5.36,5.36,5.36,5.365,5.36,5.36,5.36,5.36,5.35,5.36,5.36
25/01/2007,5.36,5.36,5.36,5.36,5.36,5.36,5.365,5.36,5.36,5.36,5.36,5.35,5.36,5.36
26/01/2007,5.36,5.36,5.36,5.37,5.36,5.36,5.365,5.36,5.36,5.36,5.36,5.355,5.36,5.36
29/01/2007,5.36,5.36,5.36,5.37,5.36,5.36,5.365,5.36,5.36,5.36,5.36,5.35,5.36,5.36
30/01/2007,5.36,5.36,5.36,5.36,5.36,5.36,5.365,5.36,5.36,5.36,5.36,5.35,5.36,5.36
31/01/2007,5.36,5.36,5.36,5.36,5.36,5.36,5.365,5.36,5.36,5.36,5.36,5.35,5.36,5.36
01/02/2007,5.36,5.36,5.36,5.36,5.36,5.36,5.365,5.36,5.36,5.36,5.36,5.35,5.36,5.36
02/02/2007,5.36,5.36,5.36,5.36,5.36,5.36,5.365,5.36,5.36,5.36,5.36,5.35,5.36,5.36
05/02/2007,5.36,5.36,5.36,5.36,5.36,5.36,5.365,5.36,5.36,5.36,5.36,5.35,5.36,5.36
06/02/2007,5.36,5.36,5.36,5.36,5.36,5.36,5.365,5.36,5.36,5.36,5.36,5.35,5.36,5.36
07/02/2007,5.36,5.36,5.36,5.36,5.36,5.36,5.365,5.36,5.36,5.36,5.36,5.35,5.36,5.36
08/02/2007,5.36,5.36,5.36,5.36,5.36,5.36,5.365,5.36,5.36,5.36,5.36,5.35,5.36,5.36
09/02/2007,5.36,5.36,5.36,5.36,5.36,5.36,5.365,5.36,5.36,5.36,5.36,5.35,5.36,5.36
12/02/2007,5.36,5.36,5.36,5.36,5.36,5.36,5.365,5.36,5.36,5.36,5.36,5.35,5.36,5.36
13/02/2007,5.36,5.36,5.36,5.36,5.36,5.36,5.365,5.36,5.36,5.36,5.36,5.35,5.36,5.36
14/02/2007,5.36,5.36,5.36,5.36,5.36,5.36,5.365,5.36,5.36,5.36,5.36,5.35,5.36,5.36
15/02/2007,5.36,5.36,5.36,5.36,5.36,5.36,5.365,5.36,5.36,5.36,5.36,5.35,5.36,5.36
16/02/2007,5.36,5.36,5.36,5.36,5.355,5.36,5.365,5.36,5.36,5.36,5.36,5.35,5.36,5.36
19/02/2007,5.36,5.36,5.36,5.36,5.36,5.36,5.365,5.36,5.36,5.36,5.36,5.35,5.36,5.36
20/02/2007,5.36,5.36,5.36,5.36,5.36,5.36,5.365,5.36,5.36,5.36,5.36,5.35,5.36,5.36
21/02/2007,5.36,5.36,5.36,5.36,5.36,5.36,5.365,5.36,5.36,5.36,5.36,5.35,5.36,5.36
22/02/2007,5.36,5.36,5.36,5.36,5.36,5.36,5.36,5.36,5.36,5.36,5.36,5.35,5.36,5.36
23/02/2007,5.36,5.36,5.36,5.36,5.36,5.36,5.36,5.36,5.36,5.36,5.36,5.35,5.36,5.36
26/02/2007,5.36,5.36,5.36,5.36,5.36,5.36,5.365,5.36,5.36,5.36,5.36,5.35,5.36,5.36
27/02/2007,5.36,5.36,5.36,5.36,5.36,5.36,5.36,5.36,5.36,5.36,5.36,5.35,5.36,5.36
28/02/2007,5.34813,5.35,5.355,5.355,5.345,5.345,5.35,5.35,5.35,5.35,5.345,5.34,5.34,5.34
01/03/2007,5.3475,5.35,5.355,5.35,5.345,5.345,5.35,5.345,5.34,5.35,5.35,5.335,5.345,5.345
02/03/2007,5.34625,5.35,5.35,5.35,5.345,5.345,5.35,5.345,5.34,5.35,5.345,5.335,5.345,5.34
05/03/2007,5.33,5.34,5.34,5.34,5.33,5.33,5.33,5.33,5.33,5.33,5.33,5.32,5.33,5.33
06/03/2007,5.34,5.34,5.345,5.34,5.34,5.34,5.34,5.34,5.33,5.34,5.34,5.33,5.34,5.34
07/03/2007,5.34,5.34,5.34,5.34,5.34,5.34,5.34,5.34,5.33,5.34,5.34,5.33,5.34,5.34
08/03/2007,5.34,5.34,5.345,5.34,5.34,5.34,5.34,5.34,5.34,5.34,5.34,5.33,5.34,5.34
09/03/2007,5.34,5.34,5.34,5.34,5.34,5.34,5.34,5.34,5.34,5.34,5.34,5.33,5.34,5.34
12/03/2007,5.355,5.36,5.36,5.36,5.355,5.355,5.355,5.355,5.35,5.36,5.355,5.345,5.355,5.355
13/03/2007,5.35488,5.36,5.36,5.36,5.355,5.355,5.355,5.355,5.35,5.36,5.355,5.345,5.354,5.355
14/03/2007,5.35,5.35,5.35,5.355,5.35,5.35,5.34,5.35,5.35,5.35,5.35,5.34,5.35,5.35
15/03/2007,5.35,5.35,5.36,5.355,5.35,5.35,5.345,5.35,5.35,5.35,5.35,5.34,5.35,5.35
16/03/2007,5.35,5.35,5.355,5.35,5.35,5.35,5.3475,5.35,5.35,5.35,5.35,5.34,5.35,5.35
19/03/2007,5.35,5.35,5.35,5.355,5.35,5.35,5.3475,5.35,5.35,5.35,5.35,5.34,5.35,5.35
20/03/2007,5.35,5.35,5.35,5.35,5.35,5.35,5.3475,5.35,5.35,5.35,5.35,5.34,5.35,5.35
21/03/2007,5.35,5.35,5.35,5.35,5.35,5.35,5.34,5.35,5.35,5.35,5.35,5.34,5.345,5.35
22/03/2007,5.34631,5.35,5.35,5.345,5.345,5.345,5.3475,5.345,5.35,5.35,5.345,5.335,5.345,5.345
23/03/2007,5.34788,5.35,5.345,5.35,5.345,5.345,5.35,5.35,5.35,5.35,5.345,5.34,5.345,5.345
26/03/2007,5.35,5.35,5.345,5.35,5.35,5.35,5.35,5.35,5.35,5.35,5.35,5.34,5.345,5.35
27/03/2007,5.35,5.35,5.35,5.35,5.35,5.35,5.35,5.35,5.35,5.35,5.35,5.34,5.345,5.35
28/03/2007,5.35,5.35,5.35,5.35,5.35,5.35,5.35,5.35,5.35,5.35,5.35,5.34,5.35,5.35
29/03/2007,5.34938,5.35,5.345,5.34,5.35,5.35,5.35,5.35,5.35,5.35,5.35,5.34,5.345,5.35
30/03/2007,5.35,5.35,5.345,5.35,5.35,5.35,5.35,5.35,5.35,5.35,5.35,5.34,5.35,5.35
02/04/2007,5.35,5.35,5.35,5.35,5.35,5.35,5.35,5.35,5.35,5.35,5.35,5.34,5.345,5.35
03/04/2007,5.35,5.35,5.35,5.35,5.35,5.35,5.35,5.35,5.35,5.35,5.35,5.34,5.35,5.35
04/04/2007,5.35,5.35,5.35,5.35,5.35,5.35,5.35,5.35,5.35,5.35,5.35,5.34,5.35,5.35
05/04/2007,5.35,5.35,5.35,5.35,5.35,5.35,5.35,5.35,5.35,5.35,5.35,5.34,5.35,5.35
06/04/2007,5.35,5.35,5.35,5.35,5.35,5.35,5.35,5.35,5.35,5.35,5.35,5.34,5.35,5.35
09/04/2007,5.35,5.35,5.35,5.35,5.35,5.35,5.35,5.35,5.35,5.35,5.35,5.34,5.35,5.35
10/04/2007,5.355,5.36,5.35,5.355,5.355,5.355,5.36,5.355,5.35,5.35,5.355,5.345,5.355,5.355
11/04/2007,5.355,5.35,5.36,5.355,5.355,5.355,5.36,5.355,5.35,5.35,5.355,5.34,5.355,5.355
12/04/2007,5.35563,5.36,5.36,5.355,5.355,5.355,5.355,5.355,5.35,5.36,5.355,5.34,5.355,5.355
13/04/2007,5.35688,5.36,5.36,5.36,5.355,5.355,5.355,5.355,5.36,5.36,5.355,5.34,5.355,5.355
16/04/2007,5.35875,5.36,5.36,5.36,5.36,5.355,5.355,5.36,5.36,5.36,5.355,5.34,5.355,5.36
17/04/2007,5.35988,5.36,5.36,5.36,5.36,5.36,5.355,5.36,5.36,5.36,5.355,5.34,5.359,5.36
18/04/2007,5.35813,5.36,5.36,5.355,5.36,5.36,5.3525,5.36,5.36,5.36,5.355,5.34,5.355,5.355
19/04/2007,5.355,5.36,5.36,5.355,5.355,5.355,5.35,5.355,5.35,5.36,5.355,5.34,5.355,5.355
20/04/2007,5.355,5.36,5.355,5.35,5.355,5.355,5.3525,5.355,5.35,5.36,5.355,5.34,5.355,5.355
23/04/2007,5.355,5.36,5.36,5.355,5.355,5.355,5.355,5.355,5.35,5.36,5.355,5.34,5.355,5.355
24/04/2007,5.355,5.36,5.36,5.355,5.355,5.355,5.355,5.355,5.35,5.36,5.355,5.34,5.355,5.355
25/04/2007,5.355,5.36,5.36,5.355,5.355,5.355,5.355,5.355,5.35,5.36,5.355,5.34,5.355,5.355
26/04/2007,5.355,5.36,5.36,5.355,5.355,5.355,5.355,5.355,5.35,5.36,5.355,5.34,5.35,5.355
27/04/2007,5.35625,5.36,5.36,5.36,5.355,5.355,5.355,5.36,5.35,5.36,5.355,5.34,5.352,5.355
30/04/2007,5.355,5.36,5.36,5.355,5.355,5.355,5.355,5.355,5.35,5.36,5.355,5.34,5.355,5.355
01/05/2007,5.355,5.36,5.36,5.355,5.355,5.355,5.355,5.355,5.35,5.36,5.355,5.34,5.352,5.355
02/05/2007,5.355,5.36,5.36,5.355,5.355,5.355,5.355,5.355,5.35,5.36,5.355,5.34,5.352,5.355
03/05/2007,5.35563,5.36,5.36,5.355,5.355,5.355,5.355,5.355,5.36,5.36,5.355,5.34,5.352,5.355
04/05/2007,5.35656,5.36,5.36,5.355,5.355,5.355,5.3575,5.355,5.36,5.36,5.355,5.34,5.355,5.355
07/05/2007,5.35656,5.36,5.36,5.355,5.355,5.355,5.3575,5.355,5.36,5.36,5.355,5.34,5.355,5.355
08/05/2007,5.35688,5.36,5.36,5.36,5.355,5.355,5.355,5.355,5.36,5.36,5.355,5.34,5.355,5.355
09/05/2007,5.35813,5.36,5.36,5.36,5.355,5.355,5.3575,5.3575,5.36,5.36,5.355,5.34,5.355,5.36
10/05/2007,5.36,5.36,5.36,5.36,5.36,5.36,5.36,5.36,5.36,5.36,5.36,5.345,5.357,5.36
11/05/2007,5.36,5.36,5.36,5.36,5.36,5.36,5.36,5.36,5.36,5.36,5.36,5.345,5.357,5.36
14/05/2007,5.36,5.36,5.36,5.36,5.36,5.36,5.36,5.36,5.36,5.36,5.36,5.35,5.36,5.36
15/05/2007,5.36,5.36,5.36,5.365,5.36,5.36,5.36,5.36,5.36,5.36,5.36,5.35,5.36,5.36
16/05/2007,5.36,5.36,5.36,5.36,5.36,5.36,5.36,5.36,5.36,5.36,5.36,5.345,5.36,5.36
17/05/2007,5.36,5.36,5.36,5.36,5.36,5.36,5.36,5.36,5.36,5.36,5.36,5.345,5.357,5.36
18/05/2007,5.36,5.36,5.36,5.36,5.36,5.36,5.36,5.36,5.36,5.36,5.36,5.345,5.36,5.36
21/05/2007,5.36,5.36,5.36,5.36,5.36,5.36,5.36,5.36,5.36,5.36,5.36,5.35,5.36,5.36
22/05/2007,5.36,5.36,5.36,5.36,5.36,5.36,5.36,5.36,5.36,5.36,5.36,5.345,5.36,5.36
23/05/2007,5.36,5.36,5.36,5.36,5.36,5.36,5.36,5.365,5.36,5.36,5.36,5.35,5.36,5.36
24/05/2007,5.36,5.36,5.36,5.36,5.36,5.36,5.36,5.36,5.36,5.36,5.36,5.35,5.36,5.36
25/05/2007,5.36,5.36,5.36,5.36,5.36,5.36,5.36,5.36,5.36,5.36,5.36,5.35,5.36,5.36
28/05/2007,5.36,5.36,5.36,5.36,5.36,5.36,5.36,5.36,5.36,5.36,5.36,5.35,5.36,5.36
29/05/2007,5.36,5.36,5.36,5.36,5.36,5.36,5.36,5.36,5.36,5.36,5.36,5.35,5.36,5.36
30/05/2007,5.36,5.36,5.36,5.36,5.36,5.36,5.36,5.36,5.36,5.36,5.36,5.35,5.36,5.36
31/05/2007,5.36,5.36,5.36,5.36,5.36,5.36,5.36,5.36,5.36,5.36,5.36,5.35,5.36,5.36
01/06/2007,5.36,5.36,5.36,5.365,5.36,5.36,5.36,5.36,5.36,5.36,5.36,5.35,5.36,5.36
04/06/2007,5.36,5.36,5.36,5.365,5.36,5.36,5.36,5.36,5.36,5.36,5.36,5.35,5.36,5.36
05/06/2007,5.36,5.36,5.36,5.365,5.36,5.36,5.36,5.36,5.36,5.36,5.36,5.35,5.36,5.36
06/06/2007,5.36,5.36,5.36,5.365,5.36,5.36,5.36,5.36,5.36,5.36,5.36,5.35,5.36,5.36
07/06/2007,5.36,5.36,5.36,5.365,5.36,5.36,5.36,5.36,5.36,5.36,5.36,5.35,5.36,5.36
08/06/2007,5.36,5.36,5.36,5.36,5.36,5.36,5.36,5.36,5.36,5.36,5.36,5.35,5.36,5.36
11/06/2007,5.36,5.36,5.36,5.36,5.36,5.365,5.36,5.36,5.36,5.36,5.36,5.35,5.36,5.36
12/06/2007,5.36,5.36,5.36,5.36,5.36,5.36,5.36,5.36,5.36,5.36,5.36,5.35,5.36,5.36
13/06/2007,5.36,5.36,5.36,5.36,5.36,5.365,5.36,5.36,5.36,5.36,5.36,5.35,5.362,5.36
14/06/2007,5.36,5.36,5.36,5.36,5.36,5.365,5.36,5.36,5.36,5.36,5.36,5.35,5.36,5.36
15/06/2007,5.36,5.36,5.36,5.36,5.36,5.365,5.36,5.36,5.36,5.36,5.36,5.35,5.36,5.36
18/06/2007,5.36,5.36,5.36,5.36,5.36,5.36,5.36,5.36,5.36,5.36,5.36,5.35,5.36,5.36
19/06/2007,5.36,5.36,5.36,5.36,5.36,5.36,5.36,5.36,5.36,5.36,5.36,5.35,5.36,5.36
20/06/2007,5.36,5.36,5.36,5.36,5.36,5.36,5.36,5.36,5.36,5.36,5.36,5.35,5.36,5.36
21/06/2007,5.36,5.36,5.36,5.36,5.36,5.36,5.36,5.36,5.36,5.36,5.36,5.35,5.36,5.36
22/06/2007,5.36,5.36,5.36,5.36,5.36,5.36,5.36,5.36,5.36,5.36,5.36,5.35,5.36,5.36
25/06/2007,5.36,5.36,5.36,5.36,5.36,5.36,5.36,5.36,5.36,5.36,5.36,5.345,5.36,5.36
26/06/2007,5.36,5.36,5.36,5.36,5.36,5.36,5.3575,5.36,5.36,5.36,5.36,5.345,5.36,5.36
27/06/2007,5.36,5.36,5.36,5.36,5.36,5.36,5.3575,5.36,5.36,5.36,5.36,5.34,5.36,5.36
28/06/2007,5.36,5.36,5.36,5.36,5.36,5.36,5.3575,5.36,5.36,5.36,5.36,5.35,5.36,5.36
29/06/2007,5.36,5.36,5.36,5.36,5.36,5.36,5.3575,5.36,5.36,5.36,5.36,5.355,5.36,5.36
02/07/2007,5.36,5.36,5.36,5.36,5.36,5.36,5.36,5.36,5.36,5.36,5.36,5.355,5.36,5.36
03/07/2007,5.36,5.36,5.36,5.36,5.36,5.36,5.36,5.36,5.36,5.36,5.36,5.35,5.36,5.36
04/07/2007,5.36,5.36,5.36,5.36,5.36,5.36,5.36,5.36,5.36,5.36,5.36,5.35,5.36,5.36
05/07/2007,5.36,5.36,5.36,5.36,5.36,5.36,5.36,5.36,5.36,5.36,5.36,5.35,5.36,5.36
06/07/2007,5.36,5.36,5.36,5.36,5.36,5.36,5.36,5.36,5.36,5.36,5.36,5.35,5.36,5.36
09/07/2007,5.36,5.36,5.36,5.36,5.36,5.36,5.36,5.36,5.36,5.36,5.36,5.35,5.36,5.36
10/07/2007,5.36,5.36,5.36,5.36,5.36,5.36,5.36,5.36,5.36,5.36,5.36,5.35,5.36,5.36
11/07/2007,5.36,5.36,5.36,5.36,5.36,5.36,5.36,5.36,5.36,5.36,5.36,5.35,5.355,5.36
12/07/2007,5.36,5.36,5.36,5.36,5.36,5.36,5.36,5.36,5.36,5.36,5.36,5.35,5.36,5.36
13/07/2007,5.36,5.36,5.36,5.36,5.36,5.36,5.36,5.36,5.36,5.36,5.36,5.35,5.36,5.36
16/07/2007,5.36,5.36,5.36,5.36,5.36,5.36,5.36,5.36,5.36,5.36,5.36,5.35,5.36,5.36
17/07/2007,5.36,5.36,5.36,5.36,5.36,5.36,5.36,5.36,5.36,5.36,5.36,5.35,5.36,5.36
18/07/2007,5.36,5.36,5.36,5.36,5.36,5.36,5.36,5.36,5.36,5.36,5.36,5.35,5.357,5.36
19/07/2007,5.36,5.36,5.36,5.36,5.36,5.36,5.36,5.36,5.36,5.36,5.36,5.35,5.357,5.36
20/07/2007,5.36,5.36,5.36,5.36,5.36,5.36,5.3575,5.36,5.36,5.36,5.36,5.35,5.36,5.36
23/07/2007,5.36,5.36,5.36,5.36,5.36,5.36,5.3575,5.36,5.36,5.36,5.36,5.35,5.36,5.36
24/07/2007,5.36,5.36,5.36,5.36,5.36,5.36,5.355,5.36,5.36,5.36,5.36,5.35,5.36,5.36
25/07/2007,5.36,5.36,5.36,5.36,5.36,5.36,5.355,5.36,5.36,5.36,5.36,5.35,5.36,5.36
26/07/2007,5.36,5.36,5.36,5.36,5.36,5.36,5.355,5.36,5.36,5.36,5.36,5.35,5.36,5.36
27/07/2007,5.3575,5.36,5.36,5.36,5.355,5.355,5.35,5.36,5.35,5.36,5.36,5.36,5.35,5.355
30/07/2007,5.35625,5.36,5.36,5.3575,5.355,5.355,5.3575,5.36,5.35,5.36,5.355,5.35,5.345,5.355
31/07/2007,5.35866,5.36,5.36,5.35625,5.3575,5.355,5.3575,5.36,5.36,5.36,5.36,5.35,5.35,5.36
01/08/2007,5.35953,5.36,5.36,5.35625,5.36,5.36,5.35,5.355,5.36,5.36,5.36,5.36,5.35,5.36
02/08/2007,5.36,5.36,5.36,5.36,5.36,5.36,5.3575,5.36,5.36,5.36,5.36,5.355,5.36,5.36
03/08/2007,5.36,5.36,5.36,5.36,5.36,5.36,5.3575,5.365,5.36,5.36,5.36,5.35,5.36,5.36
06/08/2007,5.35625,5.36,5.36,5.36,5.36,5.35,5.3575,5.36,5.35,5.36,5.355,5.36,5.325,5.355
07/08/2007,5.36,5.36,5.38,5.36,5.36,5.36,5.3575,5.36,5.36,5.36,5.36,5.36,5.345,5.36
08/08/2007,5.38,5.38,5.39,5.38,5.38,5.38,5.365,5.38,5.38,5.38,5.38,5.38,5.37,5.38
09/08/2007,5.5,5.5,5.5,5.5,5.45,5.5,5.47,5.5,5.5,5.5,5.5,5.42,5.42,5.51
10/08/2007,5.575,5.58,5.6,5.62,5.57,5.6,5.57,5.6,5.56,5.6,5.54,5.5,5.5,5.6
13/08/2007,5.5575,5.56,5.56,5.55,5.55,5.56,5.57,5.56,5.55,5.56,5.55,5.57,5.55,5.57
14/08/2007,5.53,5.53,5.56,5.54,5.53,5.53,5.52,5.53,5.53,5.53,5.53,5.5,5.51,5.53
15/08/2007,5.52,5.52,5.52,5.54,5.48,5.52,5.52,5.52,5.52,5.52,5.52,5.5,5.5,5.52
16/08/2007,5.51,5.51,5.51,5.53,5.5,5.51,5.51,5.51,5.52,5.51,5.51,5.5,5.49,5.51
17/08/2007,5.5,5.52,5.51,5.5,5.5,5.5,5.5,5.5,5.52,5.5,5.5,5.51,5.48,5.5
20/08/2007,5.495,5.49,5.5,5.5,5.48,5.5,5.5,5.5,5.5,5.5,5.48,5.48,5.48,5.5
21/08/2007,5.49438,5.49,5.5,5.5,5.48,5.5,5.5,5.49,5.5,5.5,5.48,5.5,5.49,5.495
22/08/2007,5.49875,5.5,5.51,5.5,5.46,5.5,5.5,5.5,5.5,5.5,5.48,5.5,5.48,5.5
23/08/2007,5.505,5.51,5.51,5.5,5.48,5.51,5.51,5.51,5.5,5.51,5.48,5.5,5.5,5.51
24/08/2007,5.50563,5.51,5.51,5.51,5.48,5.505,5.505,5.52,5.52,5.51,5.48,5.47,5.5,5.505
27/08/2007,5.50563,5.51,5.51,5.51,5.48,5.505,5.505,5.52,5.52,5.51,5.48,5.47,5.5,5.505
28/08/2007,5.51,5.51,5.58,5.51,5.505,5.505,5.505,5.54,5.52,5.51,5.48,5.53,5.5,5.505
29/08/2007,5.54125,5.54,5.58,5.57,5.53,5.6,5.52,5.55,5.55,5.54,5.53,5.55,5.51,5.58
30/08/2007,5.58,5.57,5.7,5.6,5.57,5.65,5.57,5.6,5.59,5.6,5.57,5.57,5.57,5.57
31/08/2007,5.62125,5.62,5.75,5.63,5.55,5.62,5.62,5.7,5.61,5.63,5.6,5.58,5.6,5.62
03/09/2007,5.66875,5.7,5.75,5.65,5.62,5.65,5.64,5.7,5.7,5.65,5.62,5.7,5.6,5.65
04/09/2007,5.69813,5.7,5.75,5.71,5.68,5.75,5.68,5.72,5.69,5.7,5.7,5.68,5.68,5.7
05/09/2007,5.72,5.75,5.8,5.72,5.7,5.78,5.7,5.72,5.72,5.72,5.72,5.7,5.72,5.72
06/09/2007,5.72375,5.75,5.78,5.72,5.68,5.78,5.69,5.72,5.73,5.72,5.72,5.75,5.7,5.72
07/09/2007,5.725,5.74,5.78,5.72,5.67,5.73,5.7,5.73,5.72,5.73,5.73,5.75,5.7,5.72
10/09/2007,5.70375,5.7,5.77,5.7,5.67,5.72,5.69,5.7,5.71,5.71,5.71,5.72,5.69,5.7
11/09/2007,5.70313,5.7,5.77,5.7,5.67,5.71,5.69,5.71,5.7,5.71,5.71,5.7,5.69,5.71
12/09/2007,5.70313,5.7,5.77,5.73,5.67,5.71,5.69,5.7,5.7,5.71,5.71,5.7,5.7,5.71
13/09/2007,5.69438,5.7,5.75,5.69,5.65,5.7,5.69,5.7,5.67,5.7,5.7,5.69,5.67,5.7
14/09/2007,5.64625,5.66,5.66,5.63,5.6,5.65,5.65,5.64,5.62,5.64,5.65,5.6,5.65,5.66
17/09/2007,5.5975,5.6,5.63,5.59,5.58,5.6,5.6,5.6,5.58,5.6,5.6,5.58,5.59,5.58
18/09/2007,5.5875,5.59,5.61,5.59,5.52,5.59,5.58,5.59,5.55,5.59,5.59,5.56,5.58,5.59
19/09/2007,5.2375,5.25,5.3,5.22,5.2,5.25,5.23,5.22,5.2,5.25,5.28,5.2,5.24,5.25
20/09/2007,5.21,5.23,5.27,5.19,5.17,5.2,5.21,5.22,5.1,5.22,5.22,5.17,5.2,5.22
21/09/2007,5.2025,5.22,5.21,5.2,5.17,5.2,5.21,5.2,5.1,5.2,5.2,5.2,5.21,5.2
24/09/2007,5.2,5.2,5.21,5.2,5.14,5.2,5.21,5.2,5.14,5.2,5.2,5.2,5.2,5.2
25/09/2007,5.2,5.22,5.21,5.2,5.15,5.2,5.2,5.2,5.15,5.2,5.2,5.2,5.18,5.2
26/09/2007,5.19813,5.2,5.22,5.2,5.15,5.2,5.2,5.2,5.15,5.2,5.21,5.19,5.15,5.2
27/09/2007,5.23063,5.23,5.27,5.2,5.15,5.25,5.25,5.21,5.17,5.25,5.24,5.24,5.18,5.22
28/09/2007,5.22875,5.22,5.25,5.2,5.15,5.25,5.26,5.2,5.18,5.23,5.23,5.26,5.25,5.23
01/10/2007,5.23,5.23,5.25,5.2,5.15,5.25,5.245,5.23,5.2,5.23,5.23,5.23,5.22,5.23
02/10/2007,5.24,5.24,5.27,5.22,5.17,5.27,5.25,5.25,5.2,5.25,5.25,5.24,5.23,5.25
03/10/2007,5.24375,5.24,5.27,5.22,5.2,5.27,5.25,5.25,5.21,5.25,5.25,5.24,5.23,5.25
04/10/2007,5.24375,5.25,5.26,5.23,5.17,5.27,5.25,5.25,5.21,5.25,5.2,5.23,5.23,5.25
05/10/2007,5.24313,5.25,5.25,5.23,5.17,5.25,5.25,5.245,5.21,5.24,5.25,5.23,5.22,5.25
08/10/2007,5.25313,5.25,5.28,5.26,5.15,5.26,5.25,5.25,5.22,5.26,5.26,5.245,5.24,5.26
09/10/2007,5.24875,5.25,5.28,5.24,5.17,5.25,5.26,5.25,5.22,5.26,5.26,5.24,5.24,5.25
10/10/2007,5.2475,5.25,5.27,5.24,5.17,5.25,5.25,5.25,5.22,5.25,5.25,5.24,5.24,5.25
11/10/2007,5.2425,5.25,5.27,5.23,5.17,5.24,5.25,5.245,5.21,5.25,5.25,5.23,5.235,5.25
12/10/2007,5.22375,5.24,5.25,5.23,5.17,5.22,5.24,5.23,5.18,5.23,5.23,5.22,5.21,5.23
15/10/2007,5.21438,5.23,5.24,5.22,5.17,5.21,5.24,5.215,5.17,5.22,5.21,5.22,5.19,5.215
16/10/2007,5.20875,5.22,5.23,5.21,5.15,5.21,5.24,5.2,5.16,5.21,5.21,5.22,5.2,5.21
17/10/2007,5.19875,5.21,5.22,5.2,5.15,5.2,5.21,5.19,5.16,5.2,5.2,5.21,5.19,5.2
18/10/2007,5.18,5.2,5.2,5.18,5.165,5.18,5.2,5.185,5.15,5.19,5.19,5.16,5.16,5.19
19/10/2007,5.15125,5.16,5.17,5.14,5.12,5.15,5.19,5.16,5.12,5.16,5.17,5.14,5.13,5.16
22/10/2007,5.0925,5.11,5.13,5.09,5.08,5.09,5.08,5.115,5.07,5.08,5.11,5.08,5.06,5.11
23/10/2007,5.08375,5.1,5.1,5.09,5.06,5.08,5.07,5.095,5.05,5.09,5.09,5.08,5.04,5.09
24/10/2007,5.065,5.08,5.09,5.07,5.02,5.07,5.05,5.07,5.04,5.07,5.07,5.06,5.02,5.07
25/10/2007,5.01063,5.02,5.03,5.02,4.95,5,5,5.015,5,5.02,5.02,4.98,4.96,5.02
26/10/2007,4.98375,5,5.01,4.98,4.97,4.98,4.97,4.99,4.97,4.99,4.99,4.98,4.93,4.99
29/10/2007,4.96,4.97,4.98,4.95,4.92,4.97,4.95,4.96,4.95,4.97,4.97,4.95,4.95,4.97
30/10/2007,4.91125,4.93,4.93,4.93,4.87,4.9,4.93,4.92,4.89,4.91,4.92,4.9,4.9,4.91
31/10/2007,4.89375,4.91,4.9,4.9,4.88,4.9,4.9,4.9,4.89,4.89,4.89,4.88,4.88,4.9
01/11/2007,4.8775,4.91,4.89,4.9,4.85,4.87,4.88,4.88,4.87,4.88,4.88,4.86,4.86,4.88
02/11/2007,4.865,4.89,4.87,4.88,4.84,4.86,4.88,4.87,4.86,4.87,4.87,4.85,4.85,4.86
05/11/2007,4.875,4.89,4.88,4.87,4.86,4.88,4.88,4.88,4.86,4.87,4.88,4.87,4.87,4.88
06/11/2007,4.8975,4.9,4.91,4.87,4.88,4.91,4.88,4.91,4.88,4.91,4.91,4.89,4.89,4.9
07/11/2007,4.89625,4.9,4.91,4.87,4.89,4.905,4.88,4.9,4.89,4.91,4.9,4.89,4.88,4.91
08/11/2007,4.88688,4.9,4.9,4.87,4.87,4.89,4.88,4.89,4.88,4.89,4.9,4.885,4.88,4.89
09/11/2007,4.87938,4.88,4.89,4.87,4.87,4.88,4.88,4.92,4.88,4.88,4.89,4.88,4.86,4.88
12/11/2007,4.87,4.87,4.88,4.88,4.85,4.87,4.86,4.885,4.86,4.88,4.88,4.86,4.86,4.87
13/11/2007,4.86875,4.87,4.88,4.88,4.84,4.87,4.87,4.88,4.86,4.87,4.87,4.86,4.85,4.87
14/11/2007,4.8775,4.88,4.9,4.89,4.87,4.88,4.87,4.885,4.86,4.88,4.88,4.88,4.86,4.88
15/11/2007,4.905,4.91,4.95,4.92,4.87,4.93,4.89,4.92,4.89,4.9,4.9,4.9,4.87,4.9
16/11/2007,4.94875,4.95,4.98,4.95,4.93,4.98,4.91,4.95,4.94,4.94,4.95,4.98,4.93,4.93
19/11/2007,4.98188,4.98,5.01,4.98,4.97,5.01,4.93,5,4.97,4.99,4.99,4.985,4.94,4.98
20/11/2007,5,5.01,5.02,5,5,5.01,4.94,5,4.98,5,5,5,4.96,5
21/11/2007,5.015,5.02,5.03,5,5.02,5.05,4.94,5,4.99,5.02,5.01,5.02,5.01,5.02
22/11/2007,5.03,5.03,5.05,5.02,5.02,5.05,4.95,5.04,5.01,5.04,5.04,5.04,4.99,5.03
23/11/2007,5.04,5.04,5.05,5.04,5.04,5.05,5.02,5.04,5.02,5.05,5.04,5.045,5,5.04
26/11/2007,5.05313,5.05,5.07,5.045,5.04,5.08,5,5.07,5.03,5.06,5.05,5.06,5.025,5.06
27/11/2007,5.06188,5.07,5.08,5.06,5.045,5.08,5.02,5.07,5.04,5.07,5.06,5.05,5.04,5.06
28/11/2007,5.08125,5.1,5.12,5.09,5.1,5.13,5.03,5.07,5.06,5.07,5.08,5.15,5.06,5.07
29/11/2007,5.12375,5.11,5.15,5.12,5.1,5.15,5.04,5.15,5.09,5.15,5.12,5.17,5.07,5.13
30/11/2007,5.13125,5.14,5.2,5.13,5.1,5.12,5.05,5.18,5.11,5.14,5.12,5.17,5.12,5.12
03/12/2007,5.14063,5.14,5.18,5.13,5.11,5.15,5.1,5.15,5.11,5.14,5.14,5.17,5.12,5.14
04/12/2007,5.15,5.15,5.19,5.15,5.12,5.15,5.1,5.17,5.12,5.15,5.15,5.15,5.13,5.15
05/12/2007,5.15063,5.16,5.19,5.15,5.13,5.16,5.1,5.16,5.13,5.11,5.15,5.17,5.12,5.16
06/12/2007,5.14625,5.15,5.19,5.15,5.11,5.16,5.1,5.15,5.13,5.1,5.14,5.17,5.12,5.15
07/12/2007,5.14063,5.14,5.19,5.145,5.11,5.16,5.09,5.15,5.13,5.09,5.14,5.16,5.11,5.14
10/12/2007,5.1325,5.14,5.19,5.14,5.11,5.14,5.08,5.15,5.12,5.12,5.12,5.13,5.11,5.14
11/12/2007,5.11125,5.11,5.19,5.05,5.1,5.12,5.03,5.135,5.1,5.1,5.12,5.11,5.08,5.12
12/12/2007,5.0575,5.05,5.15,5.1,5.06,5.07,5.03,5.1,5.05,5.02,5.01,5,5.05,5.07
13/12/2007,4.99063,5,5.05,4.99,4.99,5,4.97,5.02,4.95,4.95,4.93,5.02,4.97,5
14/12/2007,4.96625,4.98,5.03,4.96,4.97,4.97,4.97,4.98,4.92,4.93,4.93,4.91,4.97,4.98
17/12/2007,4.94125,4.95,5.03,4.94,4.94,4.93,4.97,4.98,4.92,4.9,4.93,4.91,4.94,4.95
18/12/2007,4.92625,4.94,5.03,4.93,4.91,4.93,4.96,4.98,4.91,4.87,4.92,4.9,4.91,4.94
19/12/2007,4.91,4.91,5,4.92,4.9,4.91,4.93,4.91,4.9,4.89,4.92,4.9,4.9,4.92
20/12/2007,4.88375,4.89,4.99,4.88,4.89,4.89,4.9,4.95,4.87,4.86,4.85,4.85,4.88,4.89
21/12/2007,4.8575,4.87,4.95,4.86,4.85,4.875,4.85,4.95,4.83,4.84,4.85,4.8,4.86,4.87
24/12/2007,4.8425,4.85,4.95,4.85,4.83,4.85,4.82,4.85,4.82,4.83,4.84,4.8,4.84,4.85
25/12/2007,4.8425,4.85,4.95,4.85,4.83,4.85,4.82,4.85,4.82,4.83,4.84,4.8,4.84,4.85
26/12/2007,4.8425,4.85,4.95,4.85,4.83,4.85,4.82,4.85,4.82,4.83,4.84,4.8,4.84,4.85
27/12/2007,4.83,4.84,4.92,4.83,4.82,4.84,4.81,4.85,4.81,4.82,4.84,4.78,4.82,4.84
28/12/2007,4.72875,4.75,4.78,4.75,4.73,4.7,4.7,4.75,4.73,4.73,4.7,4.71,4.73,4.75
31/12/2007,4.7025,4.71,4.78,4.69,4.71,4.71,4.7,4.72,4.67,4.69,4.71,4.7,4.68,4.71
01/01/2008,4.7025,4.71,4.78,4.69,4.71,4.71,4.7,4.72,4.67,4.69,4.71,4.7,4.68,4.71
02/01/2008,4.68063,4.69,4.75,4.67,4.69,4.65,4.69,4.7,4.66,4.67,4.68,4.66,4.67,4.69
03/01/2008,4.64625,4.66,4.7,4.66,4.64,4.64,4.66,4.66,4.64,4.64,4.64,4.63,4.64,4.65
04/01/2008,4.62,4.63,4.65,4.62,4.62,4.63,4.63,4.63,4.59,4.61,4.61,4.61,4.61,4.63
07/01/2008,4.54313,4.56,4.57,4.57,4.53,4.5,4.55,4.53,4.5,4.53,4.55,4.48,4.545,4.55
08/01/2008,4.505,4.51,4.55,4.51,4.51,4.5,4.51,4.5,4.49,4.5,4.5,4.46,4.5,4.52
09/01/2008,4.4425,4.46,4.47,4.45,4.45,4.42,4.43,4.44,4.44,4.43,4.44,4.42,4.44,4.45
10/01/2008,4.37688,4.38,4.38,4.38,4.38,4.38,4.36,4.38,4.35,4.37,4.38,4.34,4.37,4.38
11/01/2008,4.2575,4.28,4.27,4.26,4.25,4.26,4.28,4.24,4.23,4.25,4.25,4.25,4.25,4.27
14/01/2008,4.055,4.08,4.06,4.03,4.05,4.05,3.97,4.05,4.03,4.06,4.06,4.04,4.07,4.09
15/01/2008,3.9975,4,4.01,4,3.99,4,4,4.01,3.96,4,4,3.98,3.99,4.01
16/01/2008,3.95125,3.96,3.96,3.96,3.95,3.95,3.98,3.95,3.94,3.95,3.95,3.95,3.94,3.95
17/01/2008,3.92625,3.94,3.93,3.92,3.93,3.92,3.96,3.93,3.9,3.92,3.93,3.9,3.92,3.93
18/01/2008,3.89375,3.9,3.91,3.89,3.89,3.9,3.88,3.9,3.87,3.89,3.9,3.88,3.89,3.9
21/01/2008,3.8475,3.86,3.85,3.85,3.845,3.83,3.83,3.83,3.83,3.85,3.86,3.84,3.845,3.85
22/01/2008,3.7175,3.74,3.74,3.7,3.73,3.7,3.69,3.7,3.69,3.73,3.74,3.7,3.74,3.78
23/01/2008,3.33125,3.34,3.33,3.3,3.33,3.33,3.34,3.35,3.3,3.33,3.33,3.31,3.33,3.35
24/01/2008,3.24375,3.25,3.25,3.25,3.24,3.25,3.26,3.24,3.24,3.22,3.26,3.23,3.21,3.25
25/01/2008,3.30625,3.32,3.32,3.3,3.3,3.31,3.3,3.31,3.28,3.31,3.32,3.28,3.31,3.31
28/01/2008,3.25125,3.26,3.26,3.27,3.25,3.25,3.25,3.25,3.25,3.25,3.25,3.25,3.25,3.26
29/01/2008,3.24375,3.26,3.25,3.24,3.24,3.25,3.25,3.24,3.22,3.24,3.25,3.23,3.235,3.25
30/01/2008,3.23938,3.25,3.24,3.24,3.23,3.24,3.25,3.24,3.22,3.23,3.24,3.235,3.235,3.25
31/01/2008,3.11188,3.13,3.11,3.13,3.11,3.11,3.1,3.11,3.09,3.1,3.12,3.1,3.11,3.12
01/02/2008,3.095,3.1,3.1,3.1,3.09,3.09,3.1,3.09,3.08,3.09,3.1,3.1,3.09,3.09
04/02/2008,3.145,3.14,3.15,3.15,3.15,3.15,3.15,3.15,3.12,3.15,3.14,3.16,3.13,3.13
05/02/2008,3.16188,3.17,3.18,3.17,3.15,3.17,3.18,3.17,3.14,3.16,3.16,3.15,3.15,3.16
06/02/2008,3.1275,3.13,3.12,3.13,3.12,3.13,3.15,3.13,3.11,3.12,3.13,3.13,3.12,3.13
07/02/2008,3.09625,3.1,3.1,3.11,3.09,3.1,3.06,3.09,3.09,3.09,3.1,3.09,3.09,3.11
08/02/2008,3.08813,3.1,3.09,3.09,3.08,3.07,3.1,3.09,3.08,3.08,3.09,3.08,3.085,3.09
11/02/2008,3.07,3.07,3.08,3.07,3.09,3.07,3.06,3.08,3.06,3.07,3.07,3.07,3.06,3.07
12/02/2008,3.0675,3.07,3.07,3.05,3.08,3.07,3.07,3.07,3.04,3.06,3.07,3.07,3.05,3.07
13/02/2008,3.065,3.07,3.06,3.07,3.07,3.07,3.07,3.06,3.05,3.06,3.07,3.07,3.05,3.06
14/02/2008,3.065,3.07,3.06,3.065,3.06,3.07,3.07,3.07,3.05,3.06,3.07,3.07,3.05,3.06
15/02/2008,3.07,3.07,3.08,3.07,3.06,3.08,3.07,3.07,3.06,3.07,3.08,3.06,3.06,3.08
18/02/2008,3.07,3.07,3.07,3.07,3.07,3.07,3.07,3.07,3.06,3.07,3.08,3.06,3.06,3.07
19/02/2008,3.07,3.07,3.07,3.07,3.07,3.08,3.07,3.07,3.06,3.07,3.08,3.065,3.07,3.07
20/02/2008,3.07813,3.08,3.08,3.08,3.08,3.08,3.07,3.08,3.06,3.08,3.08,3.07,3.06,3.08
21/02/2008,3.0925,3.1,3.1,3.09,3.09,3.1,3.08,3.1,3.08,3.09,3.1,3.08,3.08,3.1
22/02/2008,3.08,3.09,3.08,3.08,3.08,3.08,3.07,3.08,3.08,3.08,3.08,3.075,3.07,3.08
25/02/2008,3.08938,3.1,3.09,3.09,3.09,3.09,3.08,3.09,3.09,3.09,3.09,3.08,3.08,3.09
26/02/2008,3.09,3.1,3.09,3.09,3.09,3.09,3.08,3.09,3.09,3.09,3.09,3.08,3.08,3.09
27/02/2008,3.085,3.09,3.09,3.09,3.08,3.08,3.08,3.1,3.09,3.08,3.09,3.075,3.08,3.085
28/02/2008,3.07563,3.08,3.08,3.08,3.07,3.07,3.08,3.1,3.07,3.07,3.09,3.065,3.07,3.075
29/02/2008,3.0575,3.06,3.06,3.07,3.05,3.06,3.06,3.06,3.05,3.05,3.07,3.05,3.04,3.06
03/03/2008,3.01438,3.01,3.01,3.03,3.01,3.02,3.02,3.03,2.99,3.01,3.02,3,2.99,3.02
04/03/2008,3.00813,3.01,3.01,3.01,3,3.005,3,3.01,3.02,3,3.01,2.99,3,3.02
05/03/2008,3,3,3,2.99,3,3,3,3,3,3,2.99,2.99,2.99,3
06/03/2008,2.99,2.99,2.99,2.99,2.98,2.99,2.99,2.99,2.99,2.99,2.99,2.97,2.98,2.99
07/03/2008,2.93875,2.94,2.94,2.94,2.94,2.95,2.94,2.94,2.92,2.94,2.93,2.93,2.92,2.96
10/03/2008,2.90125,2.9,2.91,2.9,2.91,2.9,2.9,2.9,2.89,2.9,2.91,2.89,2.9,2.91
11/03/2008,2.8675,2.87,2.86,2.87,2.87,2.87,2.87,2.87,2.85,2.87,2.87,2.86,2.85,2.87
12/03/2008,2.85,2.85,2.85,2.86,2.84,2.85,2.87,2.85,2.85,2.85,2.86,2.84,2.845,2.85
13/03/2008,2.8,2.8,2.8,2.8,2.79,2.8,2.81,2.83,2.79,2.8,2.8,2.78,2.805,2.815
14/03/2008,2.76375,2.76,2.77,2.765,2.75,2.75,2.78,2.77,2.73,2.76,2.77,2.75,2.755,2.77
17/03/2008,2.57875,2.58,2.6,2.6,2.55,2.57,2.58,2.58,2.55,2.58,2.6,2.55,2.57,2.6
18/03/2008,2.54188,2.56,2.55,2.54,2.53,2.6,2.54,2.555,2.55,2.53,2.54,2.5,2.535,2.54
19/03/2008,2.59875,2.59,2.6,2.64,2.57,2.6,2.61,2.6,2.58,2.6,2.6,2.57,2.62,2.6
20/03/2008,2.60625,2.61,2.61,2.6,2.62,2.65,2.6,2.62,2.61,2.61,2.6,2.59,2.62,2.6
21/03/2008,2.60625,2.61,2.61,2.6,2.62,2.65,2.6,2.62,2.61,2.61,2.6,2.59,2.62,2.6
24/03/2008,2.60625,2.61,2.61,2.6,2.62,2.65,2.6,2.62,2.61,2.61,2.6,2.59,2.62,2.6
25/03/2008,2.655,2.66,2.67,2.65,2.66,2.67,2.66,2.67,2.66,2.67,2.65,2.65,2.64,2.65
26/03/2008,2.67125,2.7,2.7,2.65,2.7,2.7,2.65,2.67,2.67,2.66,2.67,2.67,2.67,2.67
27/03/2008,2.69625,2.7,2.7,2.69,2.7,2.75,2.71,2.73,2.68,2.7,2.7,2.67,2.68,2.69
28/03/2008,2.6975,2.7,2.7,2.7,2.73,2.7,2.69,2.71,2.68,2.68,2.7,2.67,2.69,2.7
31/03/2008,2.68813,2.68,2.7,2.69,2.68,2.695,2.69,2.72,2.69,2.68,2.7,2.68,2.68,2.69
01/04/2008,2.68375,2.69,2.68,2.7,2.66,2.69,2.68,2.7,2.7,2.68,2.75,2.68,2.67,2.68
02/04/2008,2.7,2.7,2.7,2.7,2.64,2.7,2.68,2.72,2.7,2.7,2.71,2.7,2.69,2.7
03/04/2008,2.7275,2.73,2.73,2.73,2.71,2.73,2.7,2.73,2.72,2.73,2.73,2.72,2.71,2.73
04/04/2008,2.7275,2.73,2.73,2.73,2.7,2.72,2.69,2.75,2.73,2.73,2.73,2.72,2.71,2.73
07/04/2008,2.71,2.71,2.71,2.71,2.7,2.71,2.69,2.73,2.71,2.71,2.71,2.71,2.7,2.71
08/04/2008,2.71,2.71,2.71,2.71,2.705,2.71,2.69,2.73,2.71,2.71,2.71,2.69,2.695,2.71
09/04/2008,2.71563,2.72,2.72,2.71,2.69,2.75,2.7,2.73,2.71,2.72,2.72,2.7,2.71,2.72
10/04/2008,2.71,2.71,2.71,2.75,2.69,2.75,2.7,2.73,2.71,2.71,2.71,2.7,2.695,2.71
11/04/2008,2.71313,2.71,2.72,2.75,2.69,2.75,2.7,2.73,2.71,2.71,2.71,2.7,2.705,2.72
14/04/2008,2.70875,2.71,2.71,2.73,2.69,2.73,2.7,2.73,2.71,2.71,2.71,2.7,2.705,2.7
15/04/2008,2.71594,2.72,2.72,2.73,2.7,2.74,2.7,2.75,2.72,2.72,2.71,2.705,2.71,2.71
16/04/2008,2.73375,2.74,2.74,2.75,2.72,2.75,2.73,2.76,2.73,2.74,2.73,2.725,2.73,2.73
17/04/2008,2.8175,2.82,2.84,2.77,2.815,2.82,2.79,2.86,2.85,2.82,2.78,2.81,2.825,2.81
18/04/2008,2.9075,2.92,2.94,2.82,2.91,2.92,2.9,2.94,2.9,2.88,2.86,2.89,2.91,2.92
21/04/2008,2.92,2.93,2.97,2.85,2.9,2.92,2.91,2.94,2.93,2.92,2.88,2.91,2.92,2.93
22/04/2008,2.92,2.94,2.97,2.87,2.91,2.94,2.93,2.91,2.94,2.9,2.88,2.91,2.92,2.92
23/04/2008,2.92,2.94,2.96,2.86,2.91,2.92,2.93,2.92,2.93,2.9,2.88,2.91,2.93,2.92
24/04/2008,2.90688,2.92,2.94,2.85,2.9,2.91,2.93,2.9,2.91,2.88,2.88,2.9,2.915,2.91
25/04/2008,2.9125,2.93,2.95,2.89,2.9,2.91,2.93,2.91,2.91,2.88,2.88,2.9,2.93,2.91
28/04/2008,2.89938,2.91,2.92,2.86,2.9,2.9,2.93,2.9,2.9,2.87,2.87,2.89,2.91,2.9
29/04/2008,2.87281,2.89,2.88,2.84,2.87,2.88,2.9,2.87,2.87,2.84,2.84,2.87,2.88,2.87
30/04/2008,2.85,2.86,2.89,2.81,2.85,2.85,2.9,2.85,2.85,2.82,2.82,2.82,2.86,2.86
01/05/2008,2.78438,2.81,2.85,2.73,2.78,2.8,2.85,2.78,2.76,2.74,2.75,2.77,2.8,2.79
02/05/2008,2.77,2.79,2.79,2.72,2.765,2.77,2.79,2.77,2.76,2.75,2.73,2.76,2.79,2.78
05/05/2008,2.77,2.79,2.79,2.72,2.765,2.77,2.79,2.77,2.76,2.75,2.73,2.76,2.79,2.78
06/05/2008,2.7575,2.77,2.78,2.72,2.75,2.75,2.78,2.77,2.76,2.73,2.73,2.75,2.78,2.75
07/05/2008,2.73438,2.74,2.74,2.7,2.74,2.74,2.74,2.74,2.73,2.71,2.72,2.73,2.735,2.75
08/05/2008,2.71563,2.73,2.72,2.69,2.72,2.72,2.71,2.72,2.72,2.7,2.7,2.71,2.73,2.72
09/05/2008,2.685,2.7,2.69,2.64,2.68,2.68,2.7,2.68,2.69,2.66,2.65,2.68,2.7,2.69
12/05/2008,2.67813,2.69,2.68,2.62,2.68,2.68,2.69,2.67,2.68,2.66,2.65,2.68,2.69,2.68
13/05/2008,2.67563,2.69,2.68,2.62,2.67,2.675,2.69,2.665,2.68,2.65,2.65,2.68,2.68,2.68
14/05/2008,2.72,2.73,2.73,2.68,2.695,2.72,2.7,2.7,2.73,2.7,2.69,2.73,2.74,2.725
15/05/2008,2.71875,2.74,2.73,2.69,2.7,2.72,2.71,2.71,2.72,2.7,2.7,2.73,2.74,2.72
16/05/2008,2.695,2.71,2.7,2.67,2.69,2.69,2.7,2.68,2.7,2.69,2.67,2.7,2.71,2.7
19/05/2008,2.6775,2.69,2.68,2.66,2.68,2.68,2.7,2.67,2.68,2.67,2.66,2.68,2.67,2.68
20/05/2008,2.6575,2.68,2.66,2.65,2.65,2.655,2.68,2.66,2.66,2.64,2.64,2.66,2.66,2.66
21/05/2008,2.63813,2.65,2.64,2.63,2.63,2.635,2.7,2.64,2.64,2.63,2.62,2.64,2.635,2.64
22/05/2008,2.63813,2.65,2.64,2.63,2.63,2.635,2.65,2.64,2.64,2.63,2.62,2.64,2.635,2.64
23/05/2008,2.64563,2.66,2.65,2.65,2.63,2.64,2.65,2.64,2.65,2.64,2.62,2.645,2.645,2.64
26/05/2008,2.64563,2.66,2.65,2.65,2.63,2.64,2.65,2.64,2.65,2.64,2.62,2.645,2.645,2.64
27/05/2008,2.64438,2.65,2.66,2.64,2.635,2.64,2.66,2.65,2.64,2.64,2.63,2.645,2.64,2.65
28/05/2008,2.64938,2.66,2.69,2.64,2.64,2.65,2.67,2.65,2.65,2.63,2.64,2.65,2.65,2.65
29/05/2008,2.68188,2.7,2.7,2.68,2.67,2.68,2.68,2.68,2.7,2.66,2.66,2.675,2.68,2.69
30/05/2008,2.68063,2.7,2.71,2.68,2.675,2.68,2.69,2.68,2.68,2.67,2.66,2.68,2.68,2.69
02/06/2008,2.67625,2.7,2.7,2.68,2.67,2.68,2.69,2.68,2.68,2.67,2.67,2.68,2.65,2.69
03/06/2008,2.67313,2.69,2.71,2.67,2.665,2.67,2.69,2.68,2.67,2.66,2.66,2.675,2.67,2.69
04/06/2008,2.67188,2.69,2.71,2.67,2.665,2.67,2.67,2.68,2.67,2.67,2.66,2.675,2.67,2.69
05/06/2008,2.67688,2.69,2.7,2.675,2.67,2.68,2.67,2.68,2.67,2.65,2.68,2.68,2.675,2.69
06/06/2008,2.69563,2.7,2.71,2.68,2.695,2.7,2.68,2.7,2.69,2.68,2.69,2.7,2.705,2.71
09/06/2008,2.69125,2.7,2.71,2.685,2.685,2.69,2.68,2.7,2.69,2.66,2.67,2.71,2.7,2.7
10/06/2008,2.78625,2.8,2.81,2.77,2.78,2.78,2.79,2.8,2.77,2.76,2.77,2.8,2.8,2.79
11/06/2008,2.78813,2.8,2.8,2.785,2.78,2.79,2.8,2.79,2.78,2.76,2.77,2.78,2.81,2.81
12/06/2008,2.77625,2.8,2.77,2.78,2.77,2.77,2.79,2.77,2.78,2.75,2.78,2.77,2.805,2.78
13/06/2008,2.81375,2.81,2.82,2.81,2.79,2.82,2.82,2.82,2.81,2.78,2.81,2.81,2.85,2.82
16/06/2008,2.8125,2.82,2.82,2.81,2.81,2.81,2.81,2.81,2.81,2.79,2.81,2.81,2.87,2.82
17/06/2008,2.80875,2.82,2.83,2.805,2.8,2.81,2.81,2.81,2.8,2.79,2.81,2.8,2.85,2.82
18/06/2008,2.8025,2.82,2.81,2.8,2.8,2.8,2.8,2.8,2.81,2.78,2.8,2.795,2.8,2.81
19/06/2008,2.80125,2.82,2.82,2.79,2.8,2.8,2.79,2.8,2.8,2.78,2.81,2.8,2.8,2.81
20/06/2008,2.80188,2.82,2.82,2.8,2.8,2.8,2.79,2.8,2.8,2.8,2.81,2.8,2.805,2.81
23/06/2008,2.80438,2.82,2.82,2.8,2.8,2.81,2.82,2.8,2.8,2.8,2.81,2.8,2.805,2.81
24/06/2008,2.80938,2.82,2.82,2.81,2.8,2.81,2.82,2.81,2.8,2.8,2.81,2.8,2.81,2.82
25/06/2008,2.80813,2.82,2.82,2.8,2.805,2.84,2.82,2.81,2.8,2.8,2.81,2.8,2.81,2.82
26/06/2008,2.80063,2.82,2.81,2.785,2.79,2.82,2.82,2.79,2.8,2.78,2.8,2.78,2.8,2.81
27/06/2008,2.79125,2.81,2.82,2.78,2.79,2.84,2.79,2.79,2.78,2.78,2.8,2.79,2.79,2.78
30/06/2008,2.78313,2.8,2.78,2.78,2.77,2.8,2.79,2.78,2.78,2.77,2.78,2.77,2.785,2.79
01/07/2008,2.7875,2.8,2.79,2.78,2.78,2.82,2.79,2.79,2.79,2.78,2.78,2.78,2.785,2.8
02/07/2008,2.79125,2.8,2.81,2.78,2.79,2.83,2.79,2.79,2.78,2.78,2.79,2.785,2.79,2.8
03/07/2008,2.79125,2.8,2.81,2.78,2.79,2.82,2.79,2.79,2.78,2.78,2.79,2.785,2.79,2.8
04/07/2008,2.78938,2.8,2.79,2.78,2.78,2.82,2.79,2.79,2.78,2.78,2.79,2.785,2.79,2.8
07/07/2008,2.79125,2.8,2.81,2.78,2.78,2.82,2.79,2.79,2.79,2.77,2.79,2.785,2.79,2.8
08/07/2008,2.79,2.8,2.81,2.78,2.785,2.81,2.79,2.79,2.78,2.77,2.79,2.785,2.79,2.81
09/07/2008,2.79188,2.81,2.8,2.78,2.78,2.83,2.79,2.79,2.79,2.77,2.79,2.785,2.79,2.8
10/07/2008,2.78813,2.81,2.81,2.78,2.78,2.82,2.79,2.79,2.78,2.77,2.78,2.785,2.785,2.8
11/07/2008,2.79063,2.81,2.79,2.785,2.78,2.81,2.79,2.8,2.79,2.77,2.78,2.785,2.79,2.8
14/07/2008,2.79063,2.81,2.81,2.79,2.78,2.82,2.79,2.79,2.79,2.77,2.78,2.785,2.79,2.8
15/07/2008,2.78938,2.81,2.81,2.785,2.78,2.8,2.79,2.79,2.78,2.77,2.77,2.785,2.79,2.81
16/07/2008,2.785,2.81,2.81,2.785,2.78,2.79,2.78,2.79,2.77,2.77,2.77,2.78,2.785,2.8
17/07/2008,2.78625,2.81,2.81,2.79,2.78,2.785,2.78,2.79,2.78,2.77,2.78,2.785,2.785,2.8
18/07/2008,2.79063,2.81,2.81,2.79,2.78,2.8,2.78,2.79,2.79,2.77,2.79,2.785,2.79,2.8
21/07/2008,2.79938,2.81,2.82,2.79,2.79,2.8,2.8,2.8,2.79,2.78,2.8,2.795,2.8,2.81
22/07/2008,2.79625,2.81,2.82,2.79,2.795,2.8,2.79,2.8,2.78,2.78,2.79,2.795,2.8,2.81
23/07/2008,2.8,2.82,2.82,2.8,2.795,2.8,2.79,2.8,2.8,2.78,2.8,2.795,2.8,2.81
24/07/2008,2.795,2.82,2.82,2.79,2.795,2.8,2.79,2.8,2.78,2.78,2.79,2.795,2.795,2.81
25/07/2008,2.79313,2.81,2.81,2.79,2.785,2.79,2.8,2.8,2.77,2.77,2.79,2.79,2.795,2.8
28/07/2008,2.79625,2.81,2.82,2.79,2.8,2.8,2.8,2.79,2.78,2.77,2.79,2.795,2.795,2.81
29/07/2008,2.79875,2.81,2.82,2.79,2.795,2.8,2.8,2.81,2.78,2.78,2.8,2.8,2.8,2.81
30/07/2008,2.80063,2.81,2.83,2.8,2.795,2.8,2.8,2.82,2.78,2.78,2.76,2.8,2.8,2.81
31/07/2008,2.79125,2.81,2.81,2.78,2.79,2.8,2.8,2.79,2.77,2.76,2.79,2.8,2.78,2.79
01/08/2008,2.79438,2.81,2.81,2.785,2.79,2.8,2.8,2.8,2.78,2.77,2.79,2.795,2.79,2.8
04/08/2008,2.79813,2.81,2.82,2.79,2.79,2.8,2.8,2.81,2.78,2.78,2.8,2.8,2.8,2.82
05/08/2008,2.80188,2.81,2.82,2.79,2.79,2.8,2.8,2.82,2.79,2.78,2.8,2.81,2.8,2.82
06/08/2008,2.8025,2.81,2.82,2.79,2.79,2.81,2.8,2.83,2.79,2.78,2.8,2.81,2.8,2.82
07/08/2008,2.8025,2.82,2.82,2.79,2.79,2.8,2.8,2.83,2.8,2.78,2.8,2.81,2.8,2.82
08/08/2008,2.80375,2.82,2.82,2.78,2.79,2.81,2.81,2.82,2.79,2.78,2.8,2.81,2.8,2.82
11/08/2008,2.80375,2.82,2.82,2.78,2.79,2.81,2.81,2.8,2.79,2.78,2.8,2.81,2.8,2.82
12/08/2008,2.80438,2.82,2.82,2.78,2.79,2.8,2.81,2.81,2.79,2.78,2.8,2.815,2.805,2.82
13/08/2008,2.80438,2.82,2.83,2.78,2.795,2.8,2.81,2.81,2.8,2.78,2.8,2.81,2.805,2.83
14/08/2008,2.80688,2.82,2.83,2.78,2.795,2.81,2.81,2.81,2.8,2.78,2.81,2.815,2.805,2.83
15/08/2008,2.80875,2.82,2.83,2.78,2.795,2.81,2.81,2.82,2.8,2.79,2.81,2.82,2.81,2.83
18/08/2008,2.81,2.82,2.81,2.785,2.805,2.81,2.81,2.81,2.81,2.79,2.81,2.82,2.815,2.83
19/08/2008,2.81125,2.82,2.83,2.785,2.8,2.81,2.81,2.81,2.81,2.79,2.81,2.82,2.81,2.83
20/08/2008,2.81188,2.82,2.83,2.785,2.8,2.81,2.81,2.81,2.81,2.79,2.81,2.82,2.815,2.83
21/08/2008,2.81063,2.82,2.84,2.785,2.8,2.81,2.81,2.81,2.81,2.79,2.81,2.815,2.815,2.83
22/08/2008,2.81,2.82,2.83,2.785,2.8,2.81,2.81,2.81,2.81,2.79,2.81,2.815,2.81,2.83
25/08/2008,2.81,2.82,2.83,2.785,2.8,2.81,2.81,2.81,2.81,2.79,2.81,2.815,2.81,2.83
26/08/2008,2.80938,2.82,2.83,2.785,2.805,2.81,2.81,2.81,2.8,2.79,2.81,2.815,2.81,2.83
27/08/2008,2.81,2.82,2.83,2.785,2.81,2.81,2.81,2.81,2.8,2.79,2.81,2.815,2.81,2.83
28/08/2008,2.81,2.82,2.83,2.785,2.805,2.81,2.81,2.81,2.8,2.79,2.81,2.815,2.81,2.83
29/08/2008,2.81063,2.82,2.83,2.785,2.805,2.81,2.81,2.81,2.8,2.79,2.81,2.815,2.81,2.83
01/09/2008,2.81,2.82,2.83,2.785,2.81,2.81,2.81,2.81,2.8,2.79,2.81,2.815,2.81,2.83
02/09/2008,2.81313,2.82,2.83,2.785,2.81,2.81,2.82,2.83,2.8,2.79,2.81,2.82,2.81,2.83
03/09/2008,2.81375,2.82,2.84,2.785,2.81,2.81,2.82,2.82,2.8,2.79,2.81,2.82,2.815,2.84
04/09/2008,2.815,2.82,2.84,2.785,2.81,2.82,2.82,2.82,2.8,2.79,2.81,2.82,2.815,2.83
05/09/2008,2.81438,2.82,2.84,2.785,2.81,2.815,2.82,2.82,2.8,2.79,2.81,2.82,2.815,2.83
08/09/2008,2.81688,2.82,2.84,2.785,2.81,2.815,2.82,2.82,2.81,2.79,2.81,2.82,2.815,2.83
09/09/2008,2.81813,2.82,2.84,2.785,2.81,2.82,2.815,2.83,2.81,2.79,2.82,2.82,2.815,2.84
10/09/2008,2.81875,2.82,2.84,2.78,2.815,2.82,2.83,2.84,2.8,2.8,2.82,2.815,2.82,2.84
11/09/2008,2.81875,2.82,2.84,2.78,2.815,2.82,2.82,2.84,2.79,2.8,2.8,2.815,2.82,2.83
12/09/2008,2.81875,2.82,2.84,2.78,2.815,2.85,2.82,2.83,2.79,2.8,2.8,2.815,2.82,2.83
15/09/2008,2.81625,2.81,2.83,2.78,2.81,2.85,2.85,2.82,2.78,2.79,2.83,2.81,2.82,2.82
16/09/2008,2.87625,2.85,3,2.85,2.85,3,3,2.85,2.9,2.82,2.83,2.85,2.88,2.87
17/09/2008,3.0625,3.1,3.2,3,2.99,3.1,3.1,3.07,3.05,3.03,2.85,3.05,3.05,3.08
18/09/2008,3.20375,3.5,3.75,3.2,3.15,3.25,3.3,3.2,3.15,3,3.17,3.16,3.2,3.25
19/09/2008,3.21,3.4,3.75,3.2,3.2,3.25,3.2,3.2,3.22,3,3.19,3.2,3.2,3.21
22/09/2008,3.1975,3.4,3.85,3.1,3.18,3.3,3.35,3.18,3.18,3.05,3.18,3.18,3.18,3.2
23/09/2008,3.21125,3.4,3.85,3.15,3.18,3.5,3.3,3.2,3.2,3.08,3.18,3.2,3.2,3.2
24/09/2008,3.47625,3.75,4,3.4,3.5,3.6,3.8,4.4,3.45,3.32,3.37,3.45,3.41,3.43
25/09/2008,3.76875,4.1,4.2,3.72,3.75,4,3.75,4.75,3.73,3.6,3.65,3.7,3.74,3.9
26/09/2008,3.76188,4,4.25,3.72,3.77,4,3.85,4.2,3.68,3.63,3.72,3.7,3.75,3.75
29/09/2008,3.8825,4.02,4.5,3.77,3.83,4,4,4.2,3.85,3.7,3.85,3.87,3.85,3.87
30/09/2008,4.0525,4.25,5,4,3.95,4.5,4.15,4.6,3.98,3.9,3.85,4.2,4,3.97
01/10/2008,4.15,4.43,5,4,3.9,4.5,4.2,4.7,4.08,3.98,4.1,4.25,4.1,4.15
02/10/2008,4.2075,4.45,4.9,4.25,4,4.4,4.2,4.8,4.08,3.98,4.1,4.35,4.15,4.25
03/10/2008,4.33375,4.6,5,4.5,4.02,4.5,4.05,4.9,4.1,4.1,4.1,4.5,4.35,4.35
06/10/2008,4.28875,4.45,5,4.3,4.05,4.5,4.25,4.8,4.1,3.95,4.12,4.35,4.3,4.33
07/10/2008,4.32,4.55,5.05,4.3,4.1,4.5,4.5,4.8,4.18,4,4.1,4.5,4.28,3.3
08/10/2008,4.52375,4.65,5,4.6,4.22,4.75,4.5,5,4.25,4.1,4.2,4.7,4.5,4.6
09/10/2008,4.75,4.95,5.1,4.8,4.45,5,4.65,5,4.3,4.4,4.55,5,4.75,4.8
10/10/2008,4.81875,5.1,5.1,4.8,4.6,5,4.8,5,4.5,4.3,4.55,4.95,4.85,4.9
13/10/2008,4.7525,5.05,5.1,4.8,4.55,5,4.8,4.9,4.5,4.2,4.5,4.85,4.75,4.8
14/10/2008,4.635,4.8,5.05,4.5,4.5,4.85,4.65,4.8,4.6,4.2,4.4,4.8,4.58,4.65
15/10/2008,4.55,4.7,5,4.5,4.45,4.75,4.6,4.65,4.5,4.1,4.45,4.75,4.53,4.57
16/10/2008,4.5025,4.65,4.8,4.4,4.35,4.7,4.55,4.55,4.3,4.1,4.4,4.75,4.52,4.55
17/10/2008,4.41875,4.5,4.8,4.25,4.35,4.75,4.45,4.45,4.3,4.05,4.25,4.5,4.43,4.45
20/10/2008,4.05875,4.15,4.25,4,4.05,4,4.1,4,4.05,3.6,3.9,4.2,4.08,4.05
21/10/2008,3.83375,3.9,4.1,3.75,3.5,4,3.85,3.85,3.75,3.55,3.7,3.95,3.85,3.9
22/10/2008,3.54125,3.65,4,3.25,3.4,3.75,3.6,3.55,3.45,3.25,3.5,3.7,3.55,3.55
23/10/2008,3.535,3.75,3.85,3.25,3.45,3.7,3.5,3.55,3.45,3.25,3.45,3.75,3.6,3.6
24/10/2008,3.51625,3.75,3.95,3.3,3.45,3.7,3.55,3.5,3.45,3.25,3.45,3.75,3.55,3.55
27/10/2008,3.5075,3.7,3.9,3.3,3.4,3.7,3.58,3.5,3.45,3.25,3.45,3.75,3.5,3.5
28/10/2008,3.465,3.65,3.95,3.35,3.38,3.7,3.58,3.35,3.4,3.25,3.4,3.68,3.45,3.48
29/10/2008,3.42,3.6,4,3.25,3.25,3.55,3.45,3.45,3.4,3.15,3.35,3.6,3.4,3.42
30/10/2008,3.1925,3.35,3.4,3,3.15,3.15,3.25,3.25,3.15,3,3,3.3,3.2,3.2
31/10/2008,3.02625,3.2,3.2,2.8,3,3.05,3.05,3.1,3,2.75,2.9,3,3.02,3.05
03/11/2008,2.85875,3.05,3,2.6,2.8,3,2.85,2.9,2.8,2.55,2.55,2.93,2.85,2.9
04/11/2008,2.70625,2.75,2.9,2.5,2.5,2.75,2.75,2.75,2.65,2.45,2.6,2.83,2.7,2.75
05/11/2008,2.50625,2.6,2.75,2.5,2.4,2.5,2.75,2.5,2.5,2.25,2.45,2.65,2.5,2.5
06/11/2008,2.3875,2.45,2.6,2.4,2.3,2.4,2.45,2.37,2.35,2.1,2.3,2.53,2.37,2.4
07/11/2008,2.29,2.4,2.5,2.3,2.23,2.3,2.4,2.28,2.22,2,2.2,2.4,2.3,2.28
10/11/2008,2.235,2.35,2.45,2.2,2.2,2.2,2.2,2.28,2.25,2,2.2,2.36,2.25,2.25
11/11/2008,2.175,2.25,2.4,2.15,2.15,2.2,2.15,2.18,2.15,1.95,2.15,2.35,2.19,2.2
12/11/2008,2.1325,2.15,2.35,2.1,2.12,2.15,2.1,2.13,2.05,1.9,2.15,2.26,2.15,2.13
13/11/2008,2.14875,2.25,2.38,2.1,2.12,2.2,2.1,2.2,2.1,1.9,2.1,2.3,2.17,2.16
14/11/2008,2.23625,2.3,2.45,2.2,2.2,2.35,2.2,2.25,2.15,2,2.15,2.4,2.25,2.24
17/11/2008,2.23875,2.3,2.45,2.2,2.2,2.35,2.2,2.26,2.15,2,2.15,2.4,2.25,2.26
18/11/2008,2.2175,2.25,2.45,2.15,2.2,2.3,2.25,2.22,2.15,1.98,2.15,2.33,2.23,2.24
19/11/2008,2.1725,2.2,2.4,2.15,2.15,2.3,2.25,2.16,2.15,1.92,2.1,2.2,2.19,2.16
20/11/2008,2.15313,2.2,2.4,2.15,2.1,2.25,2.2,2.15,2.1,1.85,2.1,2.23,2.14,2.16
21/11/2008,2.1575,2.25,2.4,2.15,2.05,2.25,2.2,2.15,2.1,1.85,2.1,2.27,2.15,2.16
24/11/2008,2.16875,2.25,2.4,2.2,2.1,2.25,2.2,2.16,2.12,1.9,2.13,2.27,2.16,2.17
25/11/2008,2.19625,2.28,2.4,2.2,2.13,2.3,2.2,2.2,2.15,1.95,2.16,2.3,2.2,2.19
26/11/2008,2.18125,2.3,2.4,2.25,2.1,2.35,2.2,2.17,2.15,1.93,2.13,2.27,2.17,2.18
27/11/2008,2.2025,2.3,2.45,2.2,2.1,2.3,2.2,2.2,2.17,1.95,2.13,2.3,2.2,2.2
28/11/2008,2.21688,2.3,2.4,2.2,2.1,2.3,2.2,2.2,2.15,1.97,2.1,2.33,2.22,2.27
01/12/2008,2.22,2.3,2.35,2.2,2.13,2.3,2.2,2.22,2.15,1.97,2.14,2.33,2.22,2.27
02/12/2008,2.21,2.3,2.3,2.15,2.12,2.3,2.2,2.22,2.15,1.95,2.12,2.33,2.21,2.27
03/12/2008,2.20125,2.25,2.3,2.15,2.1,2.3,2.2,2.21,2.15,1.95,2.12,2.32,2.2,2.26
04/12/2008,2.1925,2.25,2.2,2.1,2.07,2.2,2.2,2.22,2.15,1.9,2.15,2.28,2.18,2.23
05/12/2008,2.18563,2.2,2.2,2.1,2.1,2.2,2.2,2.2,2.15,1.95,2.15,2.29,2.19,2.25
08/12/2008,2.18938,2.2,2.2,2.1,2.1,2.2,2.2,2.19,2.2,1.93,2.13,2.23,2.19,2.19
09/12/2008,2.16375,2.15,2.2,2.1,2.1,2.25,2.18,2.18,2.15,1.93,2.13,2.18,2.17,2.18
10/12/2008,2.09875,2.1,2.1,2.1,2.05,2.1,2.15,2.1,2.1,1.85,2.07,2.1,2.1,2.1
11/12/2008,1.99625,2,2,2,1.95,2.1,2,2,1.95,1.75,1.99,2,2,2.02
12/12/2008,1.92125,1.95,2,1.9,1.85,2,2,1.98,1.9,1.65,1.9,1.88,1.91,1.93
15/12/2008,1.87125,1.95,1.9,1.9,1.8,1.87,2,1.87,1.85,1.6,1.84,1.86,1.88,1.87
16/12/2008,1.8475,1.9,1.9,1.85,1.77,1.85,1.88,1.85,1.8,1.6,1.83,1.86,1.84,1.85
17/12/2008,1.5775,1.6,1.6,1.5,1.55,1.55,1.6,1.6,1.55,1.3,1.5,1.65,1.59,1.6
18/12/2008,1.525,1.55,1.5,1.5,1.52,1.55,1.6,1.52,1.5,1.27,1.5,1.6,1.54,1.55
19/12/2008,1.4975,1.5,1.5,1.5,1.49,1.5,1.5,1.5,1.45,1.25,1.46,1.58,1.49,1.55
22/12/2008,1.46625,1.5,1.45,1.5,1.45,1.5,1.42,1.47,1.45,1.22,1.45,1.55,1.47,1.47
23/12/2008,1.46625,1.5,1.45,1.45,1.43,1.5,1.44,1.6,1.45,1.2,1.45,1.55,1.47,1.52
24/12/2008,1.4675,1.5,1.45,1.45,1.4,1.5,1.46,1.5,1.45,1.2,1.44,1.56,1.47,1.5
25/12/2008,1.4675,1.5,1.45,1.45,1.4,1.5,1.46,1.5,1.45,1.2,1.44,1.56,1.47,1.5
26/12/2008,1.4675,1.5,1.45,1.45,1.4,1.5,1.46,1.5,1.45,1.2,1.44,1.56,1.47,1.5
29/12/2008,1.45875,1.5,1.45,1.45,1.4,1.5,1.46,1.5,1.4,1.2,1.45,1.56,1.46,1.47
30/12/2008,1.435,1.5,1.4,1.45,1.4,1.5,1.4,1.45,1.42,1.18,1.41,1.53,1.43,1.44
31/12/2008,1.425,1.45,1.4,1.45,1.38,1.5,1.4,1.45,1.4,1.17,1.4,1.53,1.42,1.42
